hour,day,month,distance,surge_multiplier,temperature,apparenttemperature,precipintensity,precipprobability,humidity,windspeed,windgust,visibility,temperaturehigh,temperaturelow,apparenttemperaturehigh,apparenttemperaturelow,dewpoint,pressure,windbearing,cloudcover,uvindex,ozone,moonphase,precipintensitymax,temperaturemin,temperaturemax,apparenttemperaturemin,apparenttemperaturemax,source_back_bay,source_beacon_hill,source_boston_university,source_fenway,source_financial_district,source_haymarket_square,source_north_end,source_north_station,source_northeastern_university,source_south_station,source_theatre_district,source_west_end,destination_back_bay,destination_beacon_hill,destination_boston_university,destination_fenway,destination_financial_district,destination_haymarket_square,destination_north_end,destination_north_station,destination_northeastern_university,destination_south_station,destination_theatre_district,destination_west_end,cab_type_lyft,cab_type_uber,name_black,name_black_suv,name_lux,name_lux_black,name_lux_black_xl,name_lyft,name_lyft_xl,name_shared,name_uberpool,name_uberx,name_uberxl,name_wav,weather_clear,weather_drizzle,weather_foggy,weather_light_rain,weather_mostly_cloudy,weather_overcast,weather_partly_cloudy,weather_possible_drizzle,weather_rain,predicted_price,predicted_price_per_mile
6,2,11,1.44,1.0,41.83,36.79,0.0,0.0,0.92,9.42,12.67,5.589,46.6,33.1,43.97,29.11,39.6,1000.05,110.0,1.0,0.0,288.3,0.68,0.1064,35.36,46.6,31.04,43.97,1,0,0,0,0,0,0,0,0,0,0,0,0,0,1,0,0,0,0,0,0,0,0,0,0,1,0,0,0,0,0,0,0,0,0,1,0,0,1,0,0,0,0,0,0,0,0,8.149040566056575,5.6590559486503995
6,2,11,1.44,1.0,41.83,36.79,0.0,0.0,0.92,9.42,12.67,5.589,46.6,33.1,43.97,29.11,39.6,1000.05,110.0,1.0,0.0,288.3,0.68,0.1064,35.36,46.6,31.04,43.97,1,0,0,0,0,0,0,0,0,0,0,0,0,0,1,0,0,0,0,0,0,0,0,0,0,1,0,0,0,0,0,0,0,0,0,1,0,0,0,0,0,0,0,0,0,0,1,8.212856092668646,5.7033722865754495
17,2,11,1.44,1.0,41.34,35.14,0.0,0.0,0.63,8.76,14.9,9.973,42.57,33.1,38.93,29.11,29.17,991.33,303.0,0.99,1.0,323.9,0.72,0.0,33.7,42.57,29.94,38.93,1,0,0,0,0,0,0,0,0,0,0,0,0,0,1,0,0,0,0,0,0,0,0,0,0,1,0,0,0,0,0,0,0,0,0,1,0,0,1,0,0,0,0,0,0,0,0,8.167031726190437,5.67154980985447
17,2,11,1.44,1.0,41.34,35.14,0.0,0.0,0.63,8.76,14.9,9.973,42.57,33.1,38.93,29.11,29.17,991.33,303.0,0.99,1.0,323.9,0.72,0.0,33.7,42.57,29.94,38.93,1,0,0,0,0,0,0,0,0,0,0,0,0,0,1,0,0,0,0,0,0,0,0,0,0,1,0,0,0,0,0,0,0,0,0,1,0,0,0,0,0,0,0,0,0,0,1,8.230847252802507,5.7158661477795185
6,2,11,1.34,1.0,41.83,36.79,0.0,0.0,0.92,9.42,12.67,5.589,46.6,33.1,43.97,29.11,39.6,1000.05,110.0,1.0,0.0,288.3,0.68,0.1064,35.36,46.6,31.04,43.97,1,0,0,0,0,0,0,0,0,0,0,0,0,0,0,1,0,0,0,0,0,0,0,0,0,1,0,0,0,0,0,0,0,0,0,1,0,0,1,0,0,0,0,0,0,0,0,7.720165967457707,5.761317886162467
6,2,11,1.34,1.0,41.83,36.79,0.0,0.0,0.92,9.42,12.67,5.589,46.6,33.1,43.97,29.11,39.6,1000.05,110.0,1.0,0.0,288.3,0.68,0.1064,35.36,46.6,31.04,43.97,1,0,0,0,0,0,0,0,0,0,0,0,0,0,0,1,0,0,0,0,0,0,0,0,0,1,0,0,0,0,0,0,0,0,0,1,0,0,0,0,0,0,0,0,0,0,1,7.783981494069775,5.808941413484907
17,2,11,1.34,1.0,41.34,35.14,0.0,0.0,0.63,8.76,14.9,9.973,42.57,33.1,38.93,29.11,29.17,991.33,303.0,0.99,1.0,323.9,0.72,0.0,33.7,42.57,29.94,38.93,1,0,0,0,0,0,0,0,0,0,0,0,0,0,0,1,0,0,0,0,0,0,0,0,0,1,0,0,0,0,0,0,0,0,0,1,0,0,1,0,0,0,0,0,0,0,0,7.731730664166798,5.769948256840894
17,2,11,1.34,1.0,41.34,35.14,0.0,0.0,0.63,8.76,14.9,9.973,42.57,33.1,38.93,29.11,29.17,991.33,303.0,0.99,1.0,323.9,0.72,0.0,33.7,42.57,29.94,38.93,1,0,0,0,0,0,0,0,0,0,0,0,0,0,0,1,0,0,0,0,0,0,0,0,0,1,0,0,0,0,0,0,0,0,0,1,0,0,0,0,0,0,0,0,0,0,1,7.795546190778867,5.817571784163333
6,2,11,2.32,1.0,41.83,36.79,0.0,0.0,0.92,9.42,12.67,5.589,46.6,33.1,43.97,29.11,39.6,1000.05,110.0,1.0,0.0,288.3,0.68,0.1064,35.36,46.6,31.04,43.97,1,0,0,0,0,0,0,0,0,0,0,0,0,0,0,0,0,1,0,0,0,0,0,0,0,1,0,0,0,0,0,0,0,0,0,1,0,0,1,0,0,0,0,0,0,0,0,10.384404000495609,4.476036207110177
6,2,11,2.32,1.0,41.83,36.79,0.0,0.0,0.92,9.42,12.67,5.589,46.6,33.1,43.97,29.11,39.6,1000.05,110.0,1.0,0.0,288.3,0.68,0.1064,35.36,46.6,31.04,43.97,1,0,0,0,0,0,0,0,0,0,0,0,0,0,0,0,0,1,0,0,0,0,0,0,0,1,0,0,0,0,0,0,0,0,0,1,0,0,0,0,0,0,0,0,0,0,1,10.448219527107677,4.503542899615378
17,2,11,2.32,1.0,41.34,35.14,0.0,0.0,0.63,8.76,14.9,9.973,42.57,33.1,38.93,29.11,29.17,991.33,303.0,0.99,1.0,323.9,0.72,0.0,33.7,42.57,29.94,38.93,1,0,0,0,0,0,0,0,0,0,0,0,0,0,0,0,0,1,0,0,0,0,0,0,0,1,0,0,0,0,0,0,0,0,0,1,0,0,1,0,0,0,0,0,0,0,0,10.442019122285057,4.500870311329766
17,2,11,2.32,1.0,41.34,35.14,0.0,0.0,0.63,8.76,14.9,9.973,42.57,33.1,38.93,29.11,29.17,991.33,303.0,0.99,1.0,323.9,0.72,0.0,33.7,42.57,29.94,38.93,1,0,0,0,0,0,0,0,0,0,0,0,0,0,0,0,0,1,0,0,0,0,0,0,0,1,0,0,0,0,0,0,0,0,0,1,0,0,0,0,0,0,0,0,0,0,1,10.505834648897125,4.528377003834968
6,2,11,2.72,1.0,41.83,36.79,0.0,0.0,0.92,9.42,12.67,5.589,46.6,33.1,43.97,29.11,39.6,1000.05,110.0,1.0,0.0,288.3,0.68,0.1064,35.36,46.6,31.04,43.97,1,0,0,0,0,0,0,0,0,0,0,0,0,0,0,0,0,0,1,0,0,0,0,0,0,1,0,0,0,0,0,0,0,0,0,1,0,0,1,0,0,0,0,0,0,0,0,10.91639420356268,4.013380221898044
6,2,11,2.72,1.0,41.83,36.79,0.0,0.0,0.92,9.42,12.67,5.589,46.6,33.1,43.97,29.11,39.6,1000.05,110.0,1.0,0.0,288.3,0.68,0.1064,35.36,46.6,31.04,43.97,1,0,0,0,0,0,0,0,0,0,0,0,0,0,0,0,0,0,1,0,0,0,0,0,0,1,0,0,0,0,0,0,0,0,0,1,0,0,0,0,0,0,0,0,0,0,1,10.98020973017475,4.036841812564246
17,2,11,2.72,1.0,41.34,35.14,0.0,0.0,0.63,8.76,14.9,9.973,42.57,33.1,38.93,29.11,29.17,991.33,303.0,0.99,1.0,323.9,0.72,0.0,33.7,42.57,29.94,38.93,1,0,0,0,0,0,0,0,0,0,0,0,0,0,0,0,0,0,1,0,0,0,0,0,0,1,0,0,0,0,0,0,0,0,0,1,0,0,1,0,0,0,0,0,0,0,0,10.94829247649682,4.02510752812383
17,2,11,2.72,1.0,41.34,35.14,0.0,0.0,0.63,8.76,14.9,9.973,42.57,33.1,38.93,29.11,29.17,991.33,303.0,0.99,1.0,323.9,0.72,0.0,33.7,42.57,29.94,38.93,1,0,0,0,0,0,0,0,0,0,0,0,0,0,0,0,0,0,1,0,0,0,0,0,0,1,0,0,0,0,0,0,0,0,0,1,0,0,0,0,0,0,0,0,0,0,1,11.01210800310889,4.048569118790033
6,2,11,1.1,1.0,41.83,36.79,0.0,0.0,0.92,9.42,12.67,5.589,46.6,33.1,43.97,29.11,39.6,1000.05,110.0,1.0,0.0,288.3,0.68,0.1064,35.36,46.6,31.04,43.97,1,0,0,0,0,0,0,0,0,0,0,0,0,0,0,0,0,0,0,0,1,0,0,0,0,1,0,0,0,0,0,0,0,0,0,1,0,0,1,0,0,0,0,0,0,0,0,7.371365297021106,6.701241179110096
6,2,11,1.1,1.0,41.83,36.79,0.0,0.0,0.92,9.42,12.67,5.589,46.6,33.1,43.97,29.11,39.6,1000.05,110.0,1.0,0.0,288.3,0.68,0.1064,35.36,46.6,31.04,43.97,1,0,0,0,0,0,0,0,0,0,0,0,0,0,0,0,0,0,0,0,1,0,0,0,0,1,0,0,0,0,0,0,0,0,0,1,0,0,0,0,0,0,0,0,0,0,1,7.435180823633175,6.759255294211977
17,2,11,1.1,1.0,41.34,35.14,0.0,0.0,0.63,8.76,14.9,9.973,42.57,33.1,38.93,29.11,29.17,991.33,303.0,0.99,1.0,323.9,0.72,0.0,33.7,42.57,29.94,38.93,1,0,0,0,0,0,0,0,0,0,0,0,0,0,0,0,0,0,0,0,1,0,0,0,0,1,0,0,0,0,0,0,0,0,0,1,0,0,1,0,0,0,0,0,0,0,0,7.4006325032196285,6.727847730199661
17,2,11,1.1,1.0,41.34,35.14,0.0,0.0,0.63,8.76,14.9,9.973,42.57,33.1,38.93,29.11,29.17,991.33,303.0,0.99,1.0,323.9,0.72,0.0,33.7,42.57,29.94,38.93,1,0,0,0,0,0,0,0,0,0,0,0,0,0,0,0,0,0,0,0,1,0,0,0,0,1,0,0,0,0,0,0,0,0,0,1,0,0,0,0,0,0,0,0,0,0,1,7.464448029831697,6.785861845301542
6,2,11,1.89,1.0,41.83,36.79,0.0,0.0,0.92,9.42,12.67,5.589,46.6,33.1,43.97,29.11,39.6,1000.05,110.0,1.0,0.0,288.3,0.68,0.1064,35.36,46.6,31.04,43.97,1,0,0,0,0,0,0,0,0,0,0,0,0,0,0,0,0,0,0,0,0,1,0,0,0,1,0,0,0,0,0,0,0,0,0,1,0,0,1,0,0,0,0,0,0,0,0,9.221607656996975,4.87915749047459
6,2,11,1.89,1.0,41.83,36.79,0.0,0.0,0.92,9.42,12.67,5.589,46.6,33.1,43.97,29.11,39.6,1000.05,110.0,1.0,0.0,288.3,0.68,0.1064,35.36,46.6,31.04,43.97,1,0,0,0,0,0,0,0,0,0,0,0,0,0,0,0,0,0,0,0,0,1,0,0,0,1,0,0,0,0,0,0,0,0,0,1,0,0,0,0,0,0,0,0,0,0,1,9.285423183609042,4.912922319369864
17,2,11,1.89,1.0,41.34,35.14,0.0,0.0,0.63,8.76,14.9,9.973,42.57,33.1,38.93,29.11,29.17,991.33,303.0,0.99,1.0,323.9,0.72,0.0,33.7,42.57,29.94,38.93,1,0,0,0,0,0,0,0,0,0,0,0,0,0,0,0,0,0,0,0,0,1,0,0,0,1,0,0,0,0,0,0,0,0,0,1,0,0,1,0,0,0,0,0,0,0,0,9.267648219366597,4.903517576384443
17,2,11,1.89,1.0,41.34,35.14,0.0,0.0,0.63,8.76,14.9,9.973,42.57,33.1,38.93,29.11,29.17,991.33,303.0,0.99,1.0,323.9,0.72,0.0,33.7,42.57,29.94,38.93,1,0,0,0,0,0,0,0,0,0,0,0,0,0,0,0,0,0,0,0,0,1,0,0,0,1,0,0,0,0,0,0,0,0,0,1,0,0,0,0,0,0,0,0,0,0,1,9.331463745978667,4.937282405279718
6,2,11,2.27,1.0,41.83,36.79,0.0,0.0,0.92,9.42,12.67,5.589,46.6,33.1,43.97,29.11,39.6,1000.05,110.0,1.0,0.0,288.3,0.68,0.1064,35.36,46.6,31.04,43.97,0,1,0,0,0,0,0,0,0,0,0,0,0,0,1,0,0,0,0,0,0,0,0,0,0,1,0,0,0,0,0,0,0,0,0,1,0,0,1,0,0,0,0,0,0,0,0,9.849253983408376,4.338878406787831
6,2,11,2.27,1.0,41.83,36.79,0.0,0.0,0.92,9.42,12.67,5.589,46.6,33.1,43.97,29.11,39.6,1000.05,110.0,1.0,0.0,288.3,0.68,0.1064,35.36,46.6,31.04,43.97,0,1,0,0,0,0,0,0,0,0,0,0,0,0,1,0,0,0,0,0,0,0,0,0,0,1,0,0,0,0,0,0,0,0,0,1,0,0,0,0,0,0,0,0,0,0,1,9.913069510020444,4.366990973577288
17,2,11,2.27,1.0,41.34,35.14,0.0,0.0,0.63,8.76,14.9,9.973,42.57,33.1,38.93,29.11,29.17,991.33,303.0,0.99,1.0,323.9,0.72,0.0,33.7,42.57,29.94,38.93,0,1,0,0,0,0,0,0,0,0,0,0,0,0,1,0,0,0,0,0,0,0,0,0,0,1,0,0,0,0,0,0,0,0,0,1,0,0,1,0,0,0,0,0,0,0,0,9.853422013281724,4.340714543295913
17,2,11,2.27,1.0,41.34,35.14,0.0,0.0,0.63,8.76,14.9,9.973,42.57,33.1,38.93,29.11,29.17,991.33,303.0,0.99,1.0,323.9,0.72,0.0,33.7,42.57,29.94,38.93,0,1,0,0,0,0,0,0,0,0,0,0,0,0,1,0,0,0,0,0,0,0,0,0,0,1,0,0,0,0,0,0,0,0,0,1,0,0,0,0,0,0,0,0,0,0,1,9.917237539893794,4.3688271100853715
6,2,11,2.32,1.0,41.83,36.79,0.0,0.0,0.92,9.42,12.67,5.589,46.6,33.1,43.97,29.11,39.6,1000.05,110.0,1.0,0.0,288.3,0.68,0.1064,35.36,46.6,31.04,43.97,0,1,0,0,0,0,0,0,0,0,0,0,0,0,0,1,0,0,0,0,0,0,0,0,0,1,0,0,0,0,0,0,0,0,0,1,0,0,1,0,0,0,0,0,0,0,0,9.673863253882336,4.1697686439148
6,2,11,2.32,1.0,41.83,36.79,0.0,0.0,0.92,9.42,12.67,5.589,46.6,33.1,43.97,29.11,39.6,1000.05,110.0,1.0,0.0,288.3,0.68,0.1064,35.36,46.6,31.04,43.97,0,1,0,0,0,0,0,0,0,0,0,0,0,0,0,1,0,0,0,0,0,0,0,0,0,1,0,0,0,0,0,0,0,0,0,1,0,0,0,0,0,0,0,0,0,0,1,9.737678780494408,4.197275336420003
17,2,11,2.32,1.0,41.34,35.14,0.0,0.0,0.63,8.76,14.9,9.973,42.57,33.1,38.93,29.11,29.17,991.33,303.0,0.99,1.0,323.9,0.72,0.0,33.7,42.57,29.94,38.93,0,1,0,0,0,0,0,0,0,0,0,0,0,0,0,1,0,0,0,0,0,0,0,0,0,1,0,0,0,0,0,0,0,0,0,1,0,0,1,0,0,0,0,0,0,0,0,9.677857346611876,4.171490235608568
17,2,11,2.32,1.0,41.34,35.14,0.0,0.0,0.63,8.76,14.9,9.973,42.57,33.1,38.93,29.11,29.17,991.33,303.0,0.99,1.0,323.9,0.72,0.0,33.7,42.57,29.94,38.93,0,1,0,0,0,0,0,0,0,0,0,0,0,0,0,1,0,0,0,0,0,0,0,0,0,1,0,0,0,0,0,0,0,0,0,1,0,0,0,0,0,0,0,0,0,0,1,9.741672873223944,4.198996928113769
6,2,11,1.35,1.0,41.83,36.79,0.0,0.0,0.92,9.42,12.67,5.589,46.6,33.1,43.97,29.11,39.6,1000.05,110.0,1.0,0.0,288.3,0.68,0.1064,35.36,46.6,31.04,43.97,0,1,0,0,0,0,0,0,0,0,0,0,0,0,0,0,0,1,0,0,0,0,0,0,0,1,0,0,0,0,0,0,0,0,0,1,0,0,1,0,0,0,0,0,0,0,0,7.998904547647503,5.925114479738891
6,2,11,1.35,1.0,41.83,36.79,0.0,0.0,0.92,9.42,12.67,5.589,46.6,33.1,43.97,29.11,39.6,1000.05,110.0,1.0,0.0,288.3,0.68,0.1064,35.36,46.6,31.04,43.97,0,1,0,0,0,0,0,0,0,0,0,0,0,0,0,0,0,1,0,0,0,0,0,0,0,1,0,0,0,0,0,0,0,0,0,1,0,0,0,0,0,0,0,0,0,0,1,8.062720074259573,5.972385240192276
17,2,11,1.35,1.0,41.34,35.14,0.0,0.0,0.63,8.76,14.9,9.973,42.57,33.1,38.93,29.11,29.17,991.33,303.0,0.99,1.0,323.9,0.72,0.0,33.7,42.57,29.94,38.93,0,1,0,0,0,0,0,0,0,0,0,0,0,0,0,0,0,1,0,0,0,0,0,0,0,1,0,0,0,0,0,0,0,0,0,1,0,0,1,0,0,0,0,0,0,0,0,8.021786509591136,5.942064081178619
17,2,11,1.35,1.0,41.34,35.14,0.0,0.0,0.63,8.76,14.9,9.973,42.57,33.1,38.93,29.11,29.17,991.33,303.0,0.99,1.0,323.9,0.72,0.0,33.7,42.57,29.94,38.93,0,1,0,0,0,0,0,0,0,0,0,0,0,0,0,0,0,1,0,0,0,0,0,0,0,1,0,0,0,0,0,0,0,0,0,1,0,0,0,0,0,0,0,0,0,0,1,8.085602036203207,5.989334841632005
6,2,11,1.72,1.0,41.83,36.79,0.0,0.0,0.92,9.42,12.67,5.589,46.6,33.1,43.97,29.11,39.6,1000.05,110.0,1.0,0.0,288.3,0.68,0.1064,35.36,46.6,31.04,43.97,0,1,0,0,0,0,0,0,0,0,0,0,0,0,0,0,0,0,1,0,0,0,0,0,0,1,0,0,0,0,0,0,0,0,0,1,0,0,1,0,0,0,0,0,0,0,0,8.824588850472287,5.130574913065283
6,2,11,1.72,1.0,41.83,36.79,0.0,0.0,0.92,9.42,12.67,5.589,46.6,33.1,43.97,29.11,39.6,1000.05,110.0,1.0,0.0,288.3,0.68,0.1064,35.36,46.6,31.04,43.97,0,1,0,0,0,0,0,0,0,0,0,0,0,0,0,0,0,0,1,0,0,0,0,0,0,1,0,0,0,0,0,0,0,0,0,1,0,0,0,0,0,0,0,0,0,0,1,8.888404377084356,5.167676963421138
17,2,11,1.72,1.0,41.34,35.14,0.0,0.0,0.63,8.76,14.9,9.973,42.57,33.1,38.93,29.11,29.17,991.33,303.0,0.99,1.0,323.9,0.72,0.0,33.7,42.57,29.94,38.93,0,1,0,0,0,0,0,0,0,0,0,0,0,0,0,0,0,0,1,0,0,0,0,0,0,1,0,0,0,0,0,0,0,0,0,1,0,0,1,0,0,0,0,0,0,0,0,8.839637713092129,5.13932425179775
17,2,11,1.72,1.0,41.34,35.14,0.0,0.0,0.63,8.76,14.9,9.973,42.57,33.1,38.93,29.11,29.17,991.33,303.0,0.99,1.0,323.9,0.72,0.0,33.7,42.57,29.94,38.93,0,1,0,0,0,0,0,0,0,0,0,0,0,0,0,0,0,0,1,0,0,0,0,0,0,1,0,0,0,0,0,0,0,0,0,1,0,0,0,0,0,0,0,0,0,0,1,8.903453239704197,5.176426302153603
6,2,11,2.11,1.0,41.83,36.79,0.0,0.0,0.92,9.42,12.67,5.589,46.6,33.1,43.97,29.11,39.6,1000.05,110.0,1.0,0.0,288.3,0.68,0.1064,35.36,46.6,31.04,43.97,0,1,0,0,0,0,0,0,0,0,0,0,0,0,0,0,0,0,0,0,1,0,0,0,0,1,0,0,0,0,0,0,0,0,0,1,0,0,1,0,0,0,0,0,0,0,0,9.357928456450491,4.435037183151891
6,2,11,2.11,1.0,41.83,36.79,0.0,0.0,0.92,9.42,12.67,5.589,46.6,33.1,43.97,29.11,39.6,1000.05,110.0,1.0,0.0,288.3,0.68,0.1064,35.36,46.6,31.04,43.97,0,1,0,0,0,0,0,0,0,0,0,0,0,0,0,0,0,0,0,0,1,0,0,0,0,1,0,0,0,0,0,0,0,0,0,1,0,0,0,0,0,0,0,0,0,0,1,9.421743983062559,4.465281508560454
17,2,11,2.11,1.0,41.34,35.14,0.0,0.0,0.63,8.76,14.9,9.973,42.57,33.1,38.93,29.11,29.17,991.33,303.0,0.99,1.0,323.9,0.72,0.0,33.7,42.57,29.94,38.93,0,1,0,0,0,0,0,0,0,0,0,0,0,0,0,0,0,0,0,0,1,0,0,0,0,1,0,0,0,0,0,0,0,0,0,1,0,0,1,0,0,0,0,0,0,0,0,9.366011589607984,4.438868051946912
17,2,11,2.11,1.0,41.34,35.14,0.0,0.0,0.63,8.76,14.9,9.973,42.57,33.1,38.93,29.11,29.17,991.33,303.0,0.99,1.0,323.9,0.72,0.0,33.7,42.57,29.94,38.93,0,1,0,0,0,0,0,0,0,0,0,0,0,0,0,0,0,0,0,0,1,0,0,0,0,1,0,0,0,0,0,0,0,0,0,1,0,0,0,0,0,0,0,0,0,0,1,9.429827116220054,4.469112377355476
6,2,11,2.47,1.0,41.83,36.79,0.0,0.0,0.92,9.42,12.67,5.589,46.6,33.1,43.97,29.11,39.6,1000.05,110.0,1.0,0.0,288.3,0.68,0.1064,35.36,46.6,31.04,43.97,0,1,0,0,0,0,0,0,0,0,0,0,0,0,0,0,0,0,0,0,0,1,0,0,0,1,0,0,0,0,0,0,0,0,0,1,0,0,1,0,0,0,0,0,0,0,0,9.924869988515523,4.018165987253248
6,2,11,2.47,1.0,41.83,36.79,0.0,0.0,0.92,9.42,12.67,5.589,46.6,33.1,43.97,29.11,39.6,1000.05,110.0,1.0,0.0,288.3,0.68,0.1064,35.36,46.6,31.04,43.97,0,1,0,0,0,0,0,0,0,0,0,0,0,0,0,0,0,0,0,0,0,1,0,0,0,1,0,0,0,0,0,0,0,0,0,1,0,0,0,0,0,0,0,0,0,0,1,9.98868551512759,4.044002232845178
17,2,11,2.47,1.0,41.34,35.14,0.0,0.0,0.63,8.76,14.9,9.973,42.57,33.1,38.93,29.11,29.17,991.33,303.0,0.99,1.0,323.9,0.72,0.0,33.7,42.57,29.94,38.93,0,1,0,0,0,0,0,0,0,0,0,0,0,0,0,0,0,0,0,0,0,1,0,0,0,1,0,0,0,0,0,0,0,0,0,1,0,0,1,0,0,0,0,0,0,0,0,9.924024630041982,4.017823736859102
17,2,11,2.47,1.0,41.34,35.14,0.0,0.0,0.63,8.76,14.9,9.973,42.57,33.1,38.93,29.11,29.17,991.33,303.0,0.99,1.0,323.9,0.72,0.0,33.7,42.57,29.94,38.93,0,1,0,0,0,0,0,0,0,0,0,0,0,0,0,0,0,0,0,0,0,1,0,0,0,1,0,0,0,0,0,0,0,0,0,1,0,0,0,0,0,0,0,0,0,0,1,9.98784015665405,4.043659982451032
6,2,11,1.56,1.0,41.83,36.79,0.0,0.0,0.92,9.42,12.67,5.589,46.6,33.1,43.97,29.11,39.6,1000.05,110.0,1.0,0.0,288.3,0.68,0.1064,35.36,46.6,31.04,43.97,0,0,1,0,0,0,0,0,0,0,0,0,1,0,0,0,0,0,0,0,0,0,0,0,0,1,0,0,0,0,0,0,0,0,0,1,0,0,1,0,0,0,0,0,0,0,0,8.188269606762457,5.248890773565678
6,2,11,1.56,1.0,41.83,36.79,0.0,0.0,0.92,9.42,12.67,5.589,46.6,33.1,43.97,29.11,39.6,1000.05,110.0,1.0,0.0,288.3,0.68,0.1064,35.36,46.6,31.04,43.97,0,0,1,0,0,0,0,0,0,0,0,0,1,0,0,0,0,0,0,0,0,0,0,0,0,1,0,0,0,0,0,0,0,0,0,1,0,0,0,0,0,0,0,0,0,0,1,8.252085133374527,5.289798162419568
17,2,11,1.56,1.0,41.34,35.14,0.0,0.0,0.63,8.76,14.9,9.973,42.57,33.1,38.93,29.11,29.17,991.33,303.0,0.99,1.0,323.9,0.72,0.0,33.7,42.57,29.94,38.93,0,0,1,0,0,0,0,0,0,0,0,0,1,0,0,0,0,0,0,0,0,0,0,0,0,1,0,0,0,0,0,0,0,0,0,1,0,0,1,0,0,0,0,0,0,0,0,8.217548316568253,5.267659177287341
17,2,11,1.56,1.0,41.34,35.14,0.0,0.0,0.63,8.76,14.9,9.973,42.57,33.1,38.93,29.11,29.17,991.33,303.0,0.99,1.0,323.9,0.72,0.0,33.7,42.57,29.94,38.93,0,0,1,0,0,0,0,0,0,0,0,0,1,0,0,0,0,0,0,0,0,0,0,0,0,1,0,0,0,0,0,0,0,0,0,1,0,0,0,0,0,0,0,0,0,0,1,8.281363843180323,5.3085665661412325
6,2,11,2.79,1.0,41.83,36.79,0.0,0.0,0.92,9.42,12.67,5.589,46.6,33.1,43.97,29.11,39.6,1000.05,110.0,1.0,0.0,288.3,0.68,0.1064,35.36,46.6,31.04,43.97,0,0,1,0,0,0,0,0,0,0,0,0,0,1,0,0,0,0,0,0,0,0,0,0,0,1,0,0,0,0,0,0,0,0,0,1,0,0,1,0,0,0,0,0,0,0,0,10.570275558472003,3.7886292324272413
6,2,11,2.79,1.0,41.83,36.79,0.0,0.0,0.92,9.42,12.67,5.589,46.6,33.1,43.97,29.11,39.6,1000.05,110.0,1.0,0.0,288.3,0.68,0.1064,35.36,46.6,31.04,43.97,0,0,1,0,0,0,0,0,0,0,0,0,0,1,0,0,0,0,0,0,0,0,0,0,0,1,0,0,0,0,0,0,0,0,0,1,0,0,0,0,0,0,0,0,0,0,1,10.634091085084073,3.8115021810337177
17,2,11,2.79,1.0,41.34,35.14,0.0,0.0,0.63,8.76,14.9,9.973,42.57,33.1,38.93,29.11,29.17,991.33,303.0,0.99,1.0,323.9,0.72,0.0,33.7,42.57,29.94,38.93,0,0,1,0,0,0,0,0,0,0,0,0,0,1,0,0,0,0,0,0,0,0,0,0,0,1,0,0,0,0,0,0,0,0,0,1,0,0,1,0,0,0,0,0,0,0,0,10.60081930431587,3.799576811582749
17,2,11,2.79,1.0,41.34,35.14,0.0,0.0,0.63,8.76,14.9,9.973,42.57,33.1,38.93,29.11,29.17,991.33,303.0,0.99,1.0,323.9,0.72,0.0,33.7,42.57,29.94,38.93,0,0,1,0,0,0,0,0,0,0,0,0,0,1,0,0,0,0,0,0,0,0,0,0,0,1,0,0,0,0,0,0,0,0,0,1,0,0,0,0,0,0,0,0,0,0,1,10.66463483092794,3.8224497601892256
6,2,11,4.72,1.0,41.83,36.79,0.0,0.0,0.92,9.42,12.67,5.589,46.6,33.1,43.97,29.11,39.6,1000.05,110.0,1.0,0.0,288.3,0.68,0.1064,35.36,46.6,31.04,43.97,0,0,1,0,0,0,0,0,0,0,0,0,0,0,0,0,1,0,0,0,0,0,0,0,0,1,0,0,0,0,0,0,0,0,0,1,0,0,1,0,0,0,0,0,0,0,0,15.18417172116848,3.2169855341458646
6,2,11,4.72,1.0,41.83,36.79,0.0,0.0,0.92,9.42,12.67,5.589,46.6,33.1,43.97,29.11,39.6,1000.05,110.0,1.0,0.0,288.3,0.68,0.1064,35.36,46.6,31.04,43.97,0,0,1,0,0,0,0,0,0,0,0,0,0,0,0,0,1,0,0,0,0,0,0,0,0,1,0,0,0,0,0,0,0,0,0,1,0,0,0,0,0,0,0,0,0,0,1,15.247987247780548,3.2305057728348623
17,2,11,4.72,1.0,41.34,35.14,0.0,0.0,0.63,8.76,14.9,9.973,42.57,33.1,38.93,29.11,29.17,991.33,303.0,0.99,1.0,323.9,0.72,0.0,33.7,42.57,29.94,38.93,0,0,1,0,0,0,0,0,0,0,0,0,0,0,0,0,1,0,0,0,0,0,0,0,0,1,0,0,0,0,0,0,0,0,0,1,0,0,1,0,0,0,0,0,0,0,0,15.149023343498946,3.2095388439616412
17,2,11,4.72,1.0,41.34,35.14,0.0,0.0,0.63,8.76,14.9,9.973,42.57,33.1,38.93,29.11,29.17,991.33,303.0,0.99,1.0,323.9,0.72,0.0,33.7,42.57,29.94,38.93,0,0,1,0,0,0,0,0,0,0,0,0,0,0,0,0,1,0,0,0,0,0,0,0,0,1,0,0,0,0,0,0,0,0,0,1,0,0,0,0,0,0,0,0,0,0,1,15.212838870111014,3.223059082650639
6,2,11,3.41,1.0,41.83,36.79,0.0,0.0,0.92,9.42,12.67,5.589,46.6,33.1,43.97,29.11,39.6,1000.05,110.0,1.0,0.0,288.3,0.68,0.1064,35.36,46.6,31.04,43.97,0,0,1,0,0,0,0,0,0,0,0,0,0,0,0,0,0,0,0,1,0,0,0,0,0,1,0,0,0,0,0,0,0,0,0,1,0,0,1,0,0,0,0,0,0,0,0,12.104492567767906,3.5497045653278314
6,2,11,3.41,1.0,41.83,36.79,0.0,0.0,0.92,9.42,12.67,5.589,46.6,33.1,43.97,29.11,39.6,1000.05,110.0,1.0,0.0,288.3,0.68,0.1064,35.36,46.6,31.04,43.97,0,0,1,0,0,0,0,0,0,0,0,0,0,0,0,0,0,0,0,1,0,0,0,0,0,1,0,0,0,0,0,0,0,0,0,1,0,0,0,0,0,0,0,0,0,0,1,12.168308094379976,3.568418796005858
17,2,11,3.41,1.0,41.34,35.14,0.0,0.0,0.63,8.76,14.9,9.973,42.57,33.1,38.93,29.11,29.17,991.33,303.0,0.99,1.0,323.9,0.72,0.0,33.7,42.57,29.94,38.93,0,0,1,0,0,0,0,0,0,0,0,0,0,0,0,0,0,0,0,1,0,0,0,0,0,1,0,0,0,0,0,0,0,0,0,1,0,0,1,0,0,0,0,0,0,0,0,12.127980387451473,3.5565924889887017
17,2,11,3.41,1.0,41.34,35.14,0.0,0.0,0.63,8.76,14.9,9.973,42.57,33.1,38.93,29.11,29.17,991.33,303.0,0.99,1.0,323.9,0.72,0.0,33.7,42.57,29.94,38.93,0,0,1,0,0,0,0,0,0,0,0,0,0,0,0,0,0,0,0,1,0,0,0,0,0,1,0,0,0,0,0,0,0,0,0,1,0,0,0,0,0,0,0,0,0,0,1,12.19179591406354,3.5753067196667274
6,2,11,2.98,1.0,41.83,36.79,0.0,0.0,0.92,9.42,12.67,5.589,46.6,33.1,43.97,29.11,39.6,1000.05,110.0,1.0,0.0,288.3,0.68,0.1064,35.36,46.6,31.04,43.97,0,0,1,0,0,0,0,0,0,0,0,0,0,0,0,0,0,0,0,0,0,0,1,0,0,1,0,0,0,0,0,0,0,0,0,1,0,0,1,0,0,0,0,0,0,0,0,11.093021816091458,3.7224905423125696
6,2,11,2.98,1.0,41.83,36.79,0.0,0.0,0.92,9.42,12.67,5.589,46.6,33.1,43.97,29.11,39.6,1000.05,110.0,1.0,0.0,288.3,0.68,0.1064,35.36,46.6,31.04,43.97,0,0,1,0,0,0,0,0,0,0,0,0,0,0,0,0,0,0,0,0,0,0,1,0,0,1,0,0,0,0,0,0,0,0,0,1,0,0,0,0,0,0,0,0,0,0,1,11.156837342703525,3.74390514855823
17,2,11,2.98,1.0,41.34,35.14,0.0,0.0,0.63,8.76,14.9,9.973,42.57,33.1,38.93,29.11,29.17,991.33,303.0,0.99,1.0,323.9,0.72,0.0,33.7,42.57,29.94,38.93,0,0,1,0,0,0,0,0,0,0,0,0,0,0,0,0,0,0,0,0,0,0,1,0,0,1,0,0,0,0,0,0,0,0,0,1,0,0,1,0,0,0,0,0,0,0,0,11.133409997060296,3.736043623174596
17,2,11,2.98,1.0,41.34,35.14,0.0,0.0,0.63,8.76,14.9,9.973,42.57,33.1,38.93,29.11,29.17,991.33,303.0,0.99,1.0,323.9,0.72,0.0,33.7,42.57,29.94,38.93,0,0,1,0,0,0,0,0,0,0,0,0,0,0,0,0,0,0,0,0,0,0,1,0,0,1,0,0,0,0,0,0,0,0,0,1,0,0,0,0,0,0,0,0,0,0,1,11.197225523672365,3.7574582294202568
6,2,11,3.04,1.0,41.83,36.79,0.0,0.0,0.92,9.42,12.67,5.589,46.6,33.1,43.97,29.11,39.6,1000.05,110.0,1.0,0.0,288.3,0.68,0.1064,35.36,46.6,31.04,43.97,0,0,1,0,0,0,0,0,0,0,0,0,0,0,0,0,0,0,0,0,0,0,0,1,0,1,0,0,0,0,0,0,0,0,0,1,0,0,1,0,0,0,0,0,0,0,0,10.901714737897914,3.586090374308524
6,2,11,3.04,1.0,41.83,36.79,0.0,0.0,0.92,9.42,12.67,5.589,46.6,33.1,43.97,29.11,39.6,1000.05,110.0,1.0,0.0,288.3,0.68,0.1064,35.36,46.6,31.04,43.97,0,0,1,0,0,0,0,0,0,0,0,0,0,0,0,0,0,0,0,0,0,0,0,1,0,1,0,0,0,0,0,0,0,0,0,1,0,0,0,0,0,0,0,0,0,0,1,10.965530264509981,3.6070823238519676
17,2,11,3.04,1.0,41.34,35.14,0.0,0.0,0.63,8.76,14.9,9.973,42.57,33.1,38.93,29.11,29.17,991.33,303.0,0.99,1.0,323.9,0.72,0.0,33.7,42.57,29.94,38.93,0,0,1,0,0,0,0,0,0,0,0,0,0,0,0,0,0,0,0,0,0,0,0,1,0,1,0,0,0,0,0,0,0,0,0,1,0,0,1,0,0,0,0,0,0,0,0,10.926833834382874,3.5943532349943665
17,2,11,3.04,1.0,41.34,35.14,0.0,0.0,0.63,8.76,14.9,9.973,42.57,33.1,38.93,29.11,29.17,991.33,303.0,0.99,1.0,323.9,0.72,0.0,33.7,42.57,29.94,38.93,0,0,1,0,0,0,0,0,0,0,0,0,0,0,0,0,0,0,0,0,0,0,0,1,0,1,0,0,0,0,0,0,0,0,0,1,0,0,0,0,0,0,0,0,0,0,1,10.990649360994944,3.6153451845378104
6,2,11,1.5,1.0,41.83,36.79,0.0,0.0,0.92,9.42,12.67,5.589,46.6,33.1,43.97,29.11,39.6,1000.05,110.0,1.0,0.0,288.3,0.68,0.1064,35.36,46.6,31.04,43.97,0,0,0,1,0,0,0,0,0,0,0,0,1,0,0,0,0,0,0,0,0,0,0,0,0,1,0,0,0,0,0,0,0,0,0,1,0,0,1,0,0,0,0,0,0,0,0,7.9415020097704945,5.294334673180329
6,2,11,1.5,1.0,41.83,36.79,0.0,0.0,0.92,9.42,12.67,5.589,46.6,33.1,43.97,29.11,39.6,1000.05,110.0,1.0,0.0,288.3,0.68,0.1064,35.36,46.6,31.04,43.97,0,0,0,1,0,0,0,0,0,0,0,0,1,0,0,0,0,0,0,0,0,0,0,0,0,1,0,0,0,0,0,0,0,0,0,1,0,0,0,0,0,0,0,0,0,0,1,8.005317536382563,5.336878357588375
17,2,11,1.5,1.0,41.34,35.14,0.0,0.0,0.63,8.76,14.9,9.973,42.57,33.1,38.93,29.11,29.17,991.33,303.0,0.99,1.0,323.9,0.72,0.0,33.7,42.57,29.94,38.93,0,0,0,1,0,0,0,0,0,0,0,0,1,0,0,0,0,0,0,0,0,0,0,0,0,1,0,0,0,0,0,0,0,0,0,1,0,0,1,0,0,0,0,0,0,0,0,7.970999001202027,5.313999334134684
17,2,11,1.5,1.0,41.34,35.14,0.0,0.0,0.63,8.76,14.9,9.973,42.57,33.1,38.93,29.11,29.17,991.33,303.0,0.99,1.0,323.9,0.72,0.0,33.7,42.57,29.94,38.93,0,0,0,1,0,0,0,0,0,0,0,0,1,0,0,0,0,0,0,0,0,0,0,0,0,1,0,0,0,0,0,0,0,0,0,1,0,0,0,0,0,0,0,0,0,0,1,8.034814527814097,5.356543018542731
6,2,11,2.46,1.0,41.83,36.79,0.0,0.0,0.92,9.42,12.67,5.589,46.6,33.1,43.97,29.11,39.6,1000.05,110.0,1.0,0.0,288.3,0.68,0.1064,35.36,46.6,31.04,43.97,0,0,0,1,0,0,0,0,0,0,0,0,0,1,0,0,0,0,0,0,0,0,0,0,0,1,0,0,0,0,0,0,0,0,0,1,0,0,1,0,0,0,0,0,0,0,0,10.146867792285862,4.124743004994253
6,2,11,2.46,1.0,41.83,36.79,0.0,0.0,0.92,9.42,12.67,5.589,46.6,33.1,43.97,29.11,39.6,1000.05,110.0,1.0,0.0,288.3,0.68,0.1064,35.36,46.6,31.04,43.97,0,0,0,1,0,0,0,0,0,0,0,0,0,1,0,0,0,0,0,0,0,0,0,0,0,1,0,0,0,0,0,0,0,0,0,1,0,0,0,0,0,0,0,0,0,0,1,10.210683318897932,4.150684275974769
17,2,11,2.46,1.0,41.34,35.14,0.0,0.0,0.63,8.76,14.9,9.973,42.57,33.1,38.93,29.11,29.17,991.33,303.0,0.99,1.0,323.9,0.72,0.0,33.7,42.57,29.94,38.93,0,0,0,1,0,0,0,0,0,0,0,0,0,1,0,0,0,0,0,0,0,0,0,0,0,1,0,0,0,0,0,0,0,0,0,1,0,0,1,0,0,0,0,0,0,0,0,10.17174715063012,4.134856565296797
17,2,11,2.46,1.0,41.34,35.14,0.0,0.0,0.63,8.76,14.9,9.973,42.57,33.1,38.93,29.11,29.17,991.33,303.0,0.99,1.0,323.9,0.72,0.0,33.7,42.57,29.94,38.93,0,0,0,1,0,0,0,0,0,0,0,0,0,1,0,0,0,0,0,0,0,0,0,0,0,1,0,0,0,0,0,0,0,0,0,1,0,0,0,0,0,0,0,0,0,0,1,10.235562677242187,4.160797836277312
6,2,11,4.4,1.0,41.83,36.79,0.0,0.0,0.92,9.42,12.67,5.589,46.6,33.1,43.97,29.11,39.6,1000.05,110.0,1.0,0.0,288.3,0.68,0.1064,35.36,46.6,31.04,43.97,0,0,0,1,0,0,0,0,0,0,0,0,0,0,0,0,1,0,0,0,0,0,0,0,0,1,0,0,0,0,0,0,0,0,0,1,0,0,1,0,0,0,0,0,0,0,0,14.323834893570691,3.255417021266066
6,2,11,4.4,1.0,41.83,36.79,0.0,0.0,0.92,9.42,12.67,5.589,46.6,33.1,43.97,29.11,39.6,1000.05,110.0,1.0,0.0,288.3,0.68,0.1064,35.36,46.6,31.04,43.97,0,0,0,1,0,0,0,0,0,0,0,0,0,0,0,0,1,0,0,0,0,0,0,0,0,1,0,0,0,0,0,0,0,0,0,1,0,0,0,0,0,0,0,0,0,0,1,14.38765042018276,3.2699205500415363
17,2,11,4.4,1.0,41.34,35.14,0.0,0.0,0.63,8.76,14.9,9.973,42.57,33.1,38.93,29.11,29.17,991.33,303.0,0.99,1.0,323.9,0.72,0.0,33.7,42.57,29.94,38.93,0,0,0,1,0,0,0,0,0,0,0,0,0,0,0,0,1,0,0,0,0,0,0,0,0,1,0,0,0,0,0,0,0,0,0,1,0,0,1,0,0,0,0,0,0,0,0,14.313207433785768,3.2530016894967653
17,2,11,4.4,1.0,41.34,35.14,0.0,0.0,0.63,8.76,14.9,9.973,42.57,33.1,38.93,29.11,29.17,991.33,303.0,0.99,1.0,323.9,0.72,0.0,33.7,42.57,29.94,38.93,0,0,0,1,0,0,0,0,0,0,0,0,0,0,0,0,1,0,0,0,0,0,0,0,0,1,0,0,0,0,0,0,0,0,0,1,0,0,0,0,0,0,0,0,0,0,1,14.377022960397838,3.2675052182722357
6,2,11,3.09,1.0,41.83,36.79,0.0,0.0,0.92,9.42,12.67,5.589,46.6,33.1,43.97,29.11,39.6,1000.05,110.0,1.0,0.0,288.3,0.68,0.1064,35.36,46.6,31.04,43.97,0,0,0,1,0,0,0,0,0,0,0,0,0,0,0,0,0,0,0,1,0,0,0,0,0,1,0,0,0,0,0,0,0,0,0,1,0,0,1,0,0,0,0,0,0,0,0,11.730790551842622,3.796372346874635
6,2,11,3.09,1.0,41.83,36.79,0.0,0.0,0.92,9.42,12.67,5.589,46.6,33.1,43.97,29.11,39.6,1000.05,110.0,1.0,0.0,288.3,0.68,0.1064,35.36,46.6,31.04,43.97,0,0,0,1,0,0,0,0,0,0,0,0,0,0,0,0,0,0,0,1,0,0,0,0,0,1,0,0,0,0,0,0,0,0,0,1,0,0,0,0,0,0,0,0,0,0,1,11.79460607845469,3.817024620859123
17,2,11,3.09,1.0,41.34,35.14,0.0,0.0,0.63,8.76,14.9,9.973,42.57,33.1,38.93,29.11,29.17,991.33,303.0,0.99,1.0,323.9,0.72,0.0,33.7,42.57,29.94,38.93,0,0,0,1,0,0,0,0,0,0,0,0,0,0,0,0,0,0,0,1,0,0,0,0,0,1,0,0,0,0,0,0,0,0,0,1,0,0,1,0,0,0,0,0,0,0,0,11.831956942904812,3.8291122792572208
17,2,11,3.09,1.0,41.34,35.14,0.0,0.0,0.63,8.76,14.9,9.973,42.57,33.1,38.93,29.11,29.17,991.33,303.0,0.99,1.0,323.9,0.72,0.0,33.7,42.57,29.94,38.93,0,0,0,1,0,0,0,0,0,0,0,0,0,0,0,0,0,0,0,1,0,0,0,0,0,1,0,0,0,0,0,0,0,0,0,1,0,0,0,0,0,0,0,0,0,0,1,11.895772469516883,3.8497645532417097
6,2,11,2.66,1.0,41.83,36.79,0.0,0.0,0.92,9.42,12.67,5.589,46.6,33.1,43.97,29.11,39.6,1000.05,110.0,1.0,0.0,288.3,0.68,0.1064,35.36,46.6,31.04,43.97,0,0,0,1,0,0,0,0,0,0,0,0,0,0,0,0,0,0,0,0,0,0,1,0,0,1,0,0,0,0,0,0,0,0,0,1,0,0,1,0,0,0,0,0,0,0,0,10.716790990180108,4.028868793300792
6,2,11,2.66,1.0,41.83,36.79,0.0,0.0,0.92,9.42,12.67,5.589,46.6,33.1,43.97,29.11,39.6,1000.05,110.0,1.0,0.0,288.3,0.68,0.1064,35.36,46.6,31.04,43.97,0,0,0,1,0,0,0,0,0,0,0,0,0,0,0,0,0,0,0,0,0,0,1,0,0,1,0,0,0,0,0,0,0,0,0,1,0,0,0,0,0,0,0,0,0,0,1,10.780606516792178,4.052859592779014
17,2,11,2.66,1.0,41.34,35.14,0.0,0.0,0.63,8.76,14.9,9.973,42.57,33.1,38.93,29.11,29.17,991.33,303.0,0.99,1.0,323.9,0.72,0.0,33.7,42.57,29.94,38.93,0,0,0,1,0,0,0,0,0,0,0,0,0,0,0,0,0,0,0,0,0,0,1,0,0,1,0,0,0,0,0,0,0,0,0,1,0,0,1,0,0,0,0,0,0,0,0,10.737298074360979,4.036578223443977
17,2,11,2.66,1.0,41.34,35.14,0.0,0.0,0.63,8.76,14.9,9.973,42.57,33.1,38.93,29.11,29.17,991.33,303.0,0.99,1.0,323.9,0.72,0.0,33.7,42.57,29.94,38.93,0,0,0,1,0,0,0,0,0,0,0,0,0,0,0,0,0,0,0,0,0,0,1,0,0,1,0,0,0,0,0,0,0,0,0,1,0,0,0,0,0,0,0,0,0,0,1,10.801113600973045,4.060569022922197
6,2,11,2.73,1.0,41.83,36.79,0.0,0.0,0.92,9.42,12.67,5.589,46.6,33.1,43.97,29.11,39.6,1000.05,110.0,1.0,0.0,288.3,0.68,0.1064,35.36,46.6,31.04,43.97,0,0,0,1,0,0,0,0,0,0,0,0,0,0,0,0,0,0,0,0,0,0,0,1,0,1,0,0,0,0,0,0,0,0,0,1,0,0,1,0,0,0,0,0,0,0,0,10.648493510229274,3.9005470733440566
6,2,11,2.73,1.0,41.83,36.79,0.0,0.0,0.92,9.42,12.67,5.589,46.6,33.1,43.97,29.11,39.6,1000.05,110.0,1.0,0.0,288.3,0.68,0.1064,35.36,46.6,31.04,43.97,0,0,0,1,0,0,0,0,0,0,0,0,0,0,0,0,0,0,0,0,0,0,0,1,0,1,0,0,0,0,0,0,0,0,0,1,0,0,0,0,0,0,0,0,0,0,1,10.712309036841345,3.923922724117709
17,2,11,2.73,1.0,41.34,35.14,0.0,0.0,0.63,8.76,14.9,9.973,42.57,33.1,38.93,29.11,29.17,991.33,303.0,0.99,1.0,323.9,0.72,0.0,33.7,42.57,29.94,38.93,0,0,0,1,0,0,0,0,0,0,0,0,0,0,0,0,0,0,0,0,0,0,0,1,0,1,0,0,0,0,0,0,0,0,0,1,0,0,1,0,0,0,0,0,0,0,0,10.665753941206177,3.906869575533398
17,2,11,2.73,1.0,41.34,35.14,0.0,0.0,0.63,8.76,14.9,9.973,42.57,33.1,38.93,29.11,29.17,991.33,303.0,0.99,1.0,323.9,0.72,0.0,33.7,42.57,29.94,38.93,0,0,0,1,0,0,0,0,0,0,0,0,0,0,0,0,0,0,0,0,0,0,0,1,0,1,0,0,0,0,0,0,0,0,0,1,0,0,0,0,0,0,0,0,0,0,1,10.729569467818246,3.9302452263070498
6,2,11,5.38,1.0,41.83,36.79,0.0,0.0,0.92,9.42,12.67,5.589,46.6,33.1,43.97,29.11,39.6,1000.05,110.0,1.0,0.0,288.3,0.68,0.1064,35.36,46.6,31.04,43.97,0,0,0,0,1,0,0,0,0,0,0,0,0,0,1,0,0,0,0,0,0,0,0,0,0,1,0,0,0,0,0,0,0,0,0,1,0,0,1,0,0,0,0,0,0,0,0,16.720126558257025,3.1078302152894097
6,2,11,5.38,1.0,41.83,36.79,0.0,0.0,0.92,9.42,12.67,5.589,46.6,33.1,43.97,29.11,39.6,1000.05,110.0,1.0,0.0,288.3,0.68,0.1064,35.36,46.6,31.04,43.97,0,0,0,0,1,0,0,0,0,0,0,0,0,0,1,0,0,0,0,0,0,0,0,0,0,1,0,0,0,0,0,0,0,0,0,1,0,0,0,0,0,0,0,0,0,0,1,16.783942084869093,3.1196918373362625
17,2,11,5.38,1.0,41.34,35.14,0.0,0.0,0.63,8.76,14.9,9.973,42.57,33.1,38.93,29.11,29.17,991.33,303.0,0.99,1.0,323.9,0.72,0.0,33.7,42.57,29.94,38.93,0,0,0,0,1,0,0,0,0,0,0,0,0,0,1,0,0,0,0,0,0,0,0,0,0,1,0,0,0,0,0,0,0,0,0,1,0,0,1,0,0,0,0,0,0,0,0,16.792315335623428,3.1212482036474776
17,2,11,5.38,1.0,41.34,35.14,0.0,0.0,0.63,8.76,14.9,9.973,42.57,33.1,38.93,29.11,29.17,991.33,303.0,0.99,1.0,323.9,0.72,0.0,33.7,42.57,29.94,38.93,0,0,0,0,1,0,0,0,0,0,0,0,0,0,1,0,0,0,0,0,0,0,0,0,0,1,0,0,0,0,0,0,0,0,0,1,0,0,0,0,0,0,0,0,0,0,1,16.856130862235496,3.13310982569433
6,2,11,4.48,1.0,41.83,36.79,0.0,0.0,0.92,9.42,12.67,5.589,46.6,33.1,43.97,29.11,39.6,1000.05,110.0,1.0,0.0,288.3,0.68,0.1064,35.36,46.6,31.04,43.97,0,0,0,0,1,0,0,0,0,0,0,0,0,0,0,1,0,0,0,0,0,0,0,0,0,1,0,0,0,0,0,0,0,0,0,1,0,0,1,0,0,0,0,0,0,0,0,14.461383943986986,3.227987487497095
6,2,11,4.48,1.0,41.83,36.79,0.0,0.0,0.92,9.42,12.67,5.589,46.6,33.1,43.97,29.11,39.6,1000.05,110.0,1.0,0.0,288.3,0.68,0.1064,35.36,46.6,31.04,43.97,0,0,0,0,1,0,0,0,0,0,0,0,0,0,0,1,0,0,0,0,0,0,0,0,0,1,0,0,0,0,0,0,0,0,0,1,0,0,0,0,0,0,0,0,0,0,1,14.525199470599055,3.2422320246872887
17,2,11,4.48,1.0,41.34,35.14,0.0,0.0,0.63,8.76,14.9,9.973,42.57,33.1,38.93,29.11,29.17,991.33,303.0,0.99,1.0,323.9,0.72,0.0,33.7,42.57,29.94,38.93,0,0,0,0,1,0,0,0,0,0,0,0,0,0,0,1,0,0,0,0,0,0,0,0,0,1,0,0,0,0,0,0,0,0,0,1,0,0,1,0,0,0,0,0,0,0,0,14.487406486735821,3.2337960907892453
17,2,11,4.48,1.0,41.34,35.14,0.0,0.0,0.63,8.76,14.9,9.973,42.57,33.1,38.93,29.11,29.17,991.33,303.0,0.99,1.0,323.9,0.72,0.0,33.7,42.57,29.94,38.93,0,0,0,0,1,0,0,0,0,0,0,0,0,0,0,1,0,0,0,0,0,0,0,0,0,1,0,0,0,0,0,0,0,0,0,1,0,0,0,0,0,0,0,0,0,0,1,14.55122201334789,3.248040627979439
6,2,11,1.25,1.0,41.83,36.79,0.0,0.0,0.92,9.42,12.67,5.589,46.6,33.1,43.97,29.11,39.6,1000.05,110.0,1.0,0.0,288.3,0.68,0.1064,35.36,46.6,31.04,43.97,0,0,0,0,1,0,0,0,0,0,0,0,0,0,0,0,0,1,0,0,0,0,0,0,0,1,0,0,0,0,0,0,0,0,0,1,0,0,1,0,0,0,0,0,0,0,0,7.840377581672868,6.272302065338295
6,2,11,1.25,1.0,41.83,36.79,0.0,0.0,0.92,9.42,12.67,5.589,46.6,33.1,43.97,29.11,39.6,1000.05,110.0,1.0,0.0,288.3,0.68,0.1064,35.36,46.6,31.04,43.97,0,0,0,0,1,0,0,0,0,0,0,0,0,0,0,0,0,1,0,0,0,0,0,0,0,1,0,0,0,0,0,0,0,0,0,1,0,0,0,0,0,0,0,0,0,0,1,7.904193108284939,6.3233544866279505
17,2,11,1.25,1.0,41.34,35.14,0.0,0.0,0.63,8.76,14.9,9.973,42.57,33.1,38.93,29.11,29.17,991.33,303.0,0.99,1.0,323.9,0.72,0.0,33.7,42.57,29.94,38.93,0,0,0,0,1,0,0,0,0,0,0,0,0,0,0,0,0,1,0,0,0,0,0,0,0,1,0,0,0,0,0,0,0,0,0,1,0,0,1,0,0,0,0,0,0,0,0,7.8762315407173,6.30098523257384
17,2,11,1.25,1.0,41.34,35.14,0.0,0.0,0.63,8.76,14.9,9.973,42.57,33.1,38.93,29.11,29.17,991.33,303.0,0.99,1.0,323.9,0.72,0.0,33.7,42.57,29.94,38.93,0,0,0,0,1,0,0,0,0,0,0,0,0,0,0,0,0,1,0,0,0,0,0,0,0,1,0,0,0,0,0,0,0,0,0,1,0,0,0,0,0,0,0,0,0,0,1,7.9400470673293695,6.352037653863496
6,2,11,1.21,1.0,41.83,36.79,0.0,0.0,0.92,9.42,12.67,5.589,46.6,33.1,43.97,29.11,39.6,1000.05,110.0,1.0,0.0,288.3,0.68,0.1064,35.36,46.6,31.04,43.97,0,0,0,0,1,0,0,0,0,0,0,0,0,0,0,0,0,0,1,0,0,0,0,0,0,1,0,0,0,0,0,0,0,0,0,1,0,0,1,0,0,0,0,0,0,0,0,7.670922239507534,6.339605156617797
6,2,11,1.21,1.0,41.83,36.79,0.0,0.0,0.92,9.42,12.67,5.589,46.6,33.1,43.97,29.11,39.6,1000.05,110.0,1.0,0.0,288.3,0.68,0.1064,35.36,46.6,31.04,43.97,0,0,0,0,1,0,0,0,0,0,0,0,0,0,0,0,0,0,1,0,0,0,0,0,0,1,0,0,0,0,0,0,0,0,0,1,0,0,0,0,0,0,0,0,0,0,1,7.734737766119603,6.392345261255871
17,2,11,1.21,1.0,41.34,35.14,0.0,0.0,0.63,8.76,14.9,9.973,42.57,33.1,38.93,29.11,29.17,991.33,303.0,0.99,1.0,323.9,0.72,0.0,33.7,42.57,29.94,38.93,0,0,0,0,1,0,0,0,0,0,0,0,0,0,0,0,0,0,1,0,0,0,0,0,0,1,0,0,0,0,0,0,0,0,0,1,0,0,1,0,0,0,0,0,0,0,0,7.703604487047007,6.3666152785512455
17,2,11,1.21,1.0,41.34,35.14,0.0,0.0,0.63,8.76,14.9,9.973,42.57,33.1,38.93,29.11,29.17,991.33,303.0,0.99,1.0,323.9,0.72,0.0,33.7,42.57,29.94,38.93,0,0,0,0,1,0,0,0,0,0,0,0,0,0,0,0,0,0,1,0,0,0,0,0,0,1,0,0,0,0,0,0,0,0,0,1,0,0,0,0,0,0,0,0,0,0,1,7.767420013659076,6.419355383189319
6,2,11,3.4,1.0,41.83,36.79,0.0,0.0,0.92,9.42,12.67,5.589,46.6,33.1,43.97,29.11,39.6,1000.05,110.0,1.0,0.0,288.3,0.68,0.1064,35.36,46.6,31.04,43.97,0,0,0,0,1,0,0,0,0,0,0,0,0,0,0,0,0,0,0,0,1,0,0,0,0,1,0,0,0,0,0,0,0,0,0,1,0,0,1,0,0,0,0,0,0,0,0,12.416884772986988,3.652024933231467
6,2,11,3.4,1.0,41.83,36.79,0.0,0.0,0.92,9.42,12.67,5.589,46.6,33.1,43.97,29.11,39.6,1000.05,110.0,1.0,0.0,288.3,0.68,0.1064,35.36,46.6,31.04,43.97,0,0,0,0,1,0,0,0,0,0,0,0,0,0,0,0,0,0,0,0,1,0,0,0,0,1,0,0,0,0,0,0,0,0,0,1,0,0,0,0,0,0,0,0,0,0,1,12.480700299599057,3.6707942057644285
17,2,11,3.4,1.0,41.34,35.14,0.0,0.0,0.63,8.76,14.9,9.973,42.57,33.1,38.93,29.11,29.17,991.33,303.0,0.99,1.0,323.9,0.72,0.0,33.7,42.57,29.94,38.93,0,0,0,0,1,0,0,0,0,0,0,0,0,0,0,0,0,0,0,0,1,0,0,0,0,1,0,0,0,0,0,0,0,0,0,1,0,0,1,0,0,0,0,0,0,0,0,12.420537359107072,3.653099223266786
17,2,11,3.4,1.0,41.34,35.14,0.0,0.0,0.63,8.76,14.9,9.973,42.57,33.1,38.93,29.11,29.17,991.33,303.0,0.99,1.0,323.9,0.72,0.0,33.7,42.57,29.94,38.93,0,0,0,0,1,0,0,0,0,0,0,0,0,0,0,0,0,0,0,0,1,0,0,0,0,1,0,0,0,0,0,0,0,0,0,1,0,0,0,0,0,0,0,0,0,0,1,12.48435288571914,3.6718684957997474
6,2,11,0.39,1.0,41.83,36.79,0.0,0.0,0.92,9.42,12.67,5.589,46.6,33.1,43.97,29.11,39.6,1000.05,110.0,1.0,0.0,288.3,0.68,0.1064,35.36,46.6,31.04,43.97,0,0,0,0,1,0,0,0,0,0,0,0,0,0,0,0,0,0,0,0,0,1,0,0,0,1,0,0,0,0,0,0,0,0,0,1,0,0,1,0,0,0,0,0,0,0,0,6.329439175623924,16.229331219548524
6,2,11,0.39,1.0,41.83,36.79,0.0,0.0,0.92,9.42,12.67,5.589,46.6,33.1,43.97,29.11,39.6,1000.05,110.0,1.0,0.0,288.3,0.68,0.1064,35.36,46.6,31.04,43.97,0,0,0,0,1,0,0,0,0,0,0,0,0,0,0,0,0,0,0,0,0,1,0,0,0,1,0,0,0,0,0,0,0,0,0,1,0,0,0,0,0,0,0,0,0,0,1,6.393254702235993,16.392960774964084
17,2,11,0.39,1.0,41.34,35.14,0.0,0.0,0.63,8.76,14.9,9.973,42.57,33.1,38.93,29.11,29.17,991.33,303.0,0.99,1.0,323.9,0.72,0.0,33.7,42.57,29.94,38.93,0,0,0,0,1,0,0,0,0,0,0,0,0,0,0,0,0,0,0,0,0,1,0,0,0,1,0,0,0,0,0,0,0,0,0,1,0,0,1,0,0,0,0,0,0,0,0,6.353066544313447,16.289914216188325
17,2,11,0.39,1.0,41.34,35.14,0.0,0.0,0.63,8.76,14.9,9.973,42.57,33.1,38.93,29.11,29.17,991.33,303.0,0.99,1.0,323.9,0.72,0.0,33.7,42.57,29.94,38.93,0,0,0,0,1,0,0,0,0,0,0,0,0,0,0,0,0,0,0,0,0,1,0,0,0,1,0,0,0,0,0,0,0,0,0,1,0,0,0,0,0,0,0,0,0,0,1,6.416882070925517,16.45354377160389
6,2,11,2.3,1.0,41.83,36.79,0.0,0.0,0.92,9.42,12.67,5.589,46.6,33.1,43.97,29.11,39.6,1000.05,110.0,1.0,0.0,288.3,0.68,0.1064,35.36,46.6,31.04,43.97,0,0,0,0,0,1,0,0,0,0,0,0,1,0,0,0,0,0,0,0,0,0,0,0,0,1,0,0,0,0,0,0,0,0,0,1,0,0,1,0,0,0,0,0,0,0,0,10.440530230752392,4.5393609698923445
6,2,11,2.3,1.0,41.83,36.79,0.0,0.0,0.92,9.42,12.67,5.589,46.6,33.1,43.97,29.11,39.6,1000.05,110.0,1.0,0.0,288.3,0.68,0.1064,35.36,46.6,31.04,43.97,0,0,0,0,0,1,0,0,0,0,0,0,1,0,0,0,0,0,0,0,0,0,0,0,0,1,0,0,0,0,0,0,0,0,0,1,0,0,0,0,0,0,0,0,0,0,1,10.50434575736446,4.567106851028027
17,2,11,2.3,1.0,41.34,35.14,0.0,0.0,0.63,8.76,14.9,9.973,42.57,33.1,38.93,29.11,29.17,991.33,303.0,0.99,1.0,323.9,0.72,0.0,33.7,42.57,29.94,38.93,0,0,0,0,0,1,0,0,0,0,0,0,1,0,0,0,0,0,0,0,0,0,0,0,0,1,0,0,0,0,0,0,0,0,0,1,0,0,1,0,0,0,0,0,0,0,0,10.45859390443339,4.547214741057997
17,2,11,2.3,1.0,41.34,35.14,0.0,0.0,0.63,8.76,14.9,9.973,42.57,33.1,38.93,29.11,29.17,991.33,303.0,0.99,1.0,323.9,0.72,0.0,33.7,42.57,29.94,38.93,0,0,0,0,0,1,0,0,0,0,0,0,1,0,0,0,0,0,0,0,0,0,0,0,0,1,0,0,0,0,0,0,0,0,0,1,0,0,0,0,0,0,0,0,0,0,1,10.52240943104546,4.574960622193679
6,2,11,1.23,1.0,41.83,36.79,0.0,0.0,0.92,9.42,12.67,5.589,46.6,33.1,43.97,29.11,39.6,1000.05,110.0,1.0,0.0,288.3,0.68,0.1064,35.36,46.6,31.04,43.97,0,0,0,0,0,1,0,0,0,0,0,0,0,1,0,0,0,0,0,0,0,0,0,0,0,1,0,0,0,0,0,0,0,0,0,1,0,0,1,0,0,0,0,0,0,0,0,7.716827843144291,6.273843774914058
6,2,11,1.23,1.0,41.83,36.79,0.0,0.0,0.92,9.42,12.67,5.589,46.6,33.1,43.97,29.11,39.6,1000.05,110.0,1.0,0.0,288.3,0.68,0.1064,35.36,46.6,31.04,43.97,0,0,0,0,0,1,0,0,0,0,0,0,0,1,0,0,0,0,0,0,0,0,0,0,0,1,0,0,0,0,0,0,0,0,0,1,0,0,0,0,0,0,0,0,0,0,1,7.81088084566012,6.350309630617984
17,2,11,1.23,1.0,41.34,35.14,0.0,0.0,0.63,8.76,14.9,9.973,42.57,33.1,38.93,29.11,29.17,991.33,303.0,0.99,1.0,323.9,0.72,0.0,33.7,42.57,29.94,38.93,0,0,0,0,0,1,0,0,0,0,0,0,0,1,0,0,0,0,0,0,0,0,0,0,0,1,0,0,0,0,0,0,0,0,0,1,0,0,1,0,0,0,0,0,0,0,0,7.763312508756331,6.311636185980757
17,2,11,1.23,1.0,41.34,35.14,0.0,0.0,0.63,8.76,14.9,9.973,42.57,33.1,38.93,29.11,29.17,991.33,303.0,0.99,1.0,323.9,0.72,0.0,33.7,42.57,29.94,38.93,0,0,0,0,0,1,0,0,0,0,0,0,0,1,0,0,0,0,0,0,0,0,0,0,0,1,0,0,0,0,0,0,0,0,0,1,0,0,0,0,0,0,0,0,0,0,1,7.8546242830525586,6.385873400855739
6,2,11,0.99,1.0,41.83,36.79,0.0,0.0,0.92,9.42,12.67,5.589,46.6,33.1,43.97,29.11,39.6,1000.05,110.0,1.0,0.0,288.3,0.68,0.1064,35.36,46.6,31.04,43.97,0,0,0,0,0,1,0,0,0,0,0,0,0,0,0,0,1,0,0,0,0,0,0,0,0,1,0,0,0,0,0,0,0,0,0,1,0,0,1,0,0,0,0,0,0,0,0,7.471588244709383,7.547058833039781
6,2,11,0.99,1.0,41.83,36.79,0.0,0.0,0.92,9.42,12.67,5.589,46.6,33.1,43.97,29.11,39.6,1000.05,110.0,1.0,0.0,288.3,0.68,0.1064,35.36,46.6,31.04,43.97,0,0,0,0,0,1,0,0,0,0,0,0,0,0,0,0,1,0,0,0,0,0,0,0,0,1,0,0,0,0,0,0,0,0,0,1,0,0,0,0,0,0,0,0,0,0,1,7.535403771321453,7.61151896093076
17,2,11,0.99,1.0,41.34,35.14,0.0,0.0,0.63,8.76,14.9,9.973,42.57,33.1,38.93,29.11,29.17,991.33,303.0,0.99,1.0,323.9,0.72,0.0,33.7,42.57,29.94,38.93,0,0,0,0,0,1,0,0,0,0,0,0,0,0,0,0,1,0,0,0,0,0,0,0,0,1,0,0,0,0,0,0,0,0,0,1,0,0,1,0,0,0,0,0,0,0,0,7.49863649401198,7.574380296981798
17,2,11,0.99,1.0,41.34,35.14,0.0,0.0,0.63,8.76,14.9,9.973,42.57,33.1,38.93,29.11,29.17,991.33,303.0,0.99,1.0,323.9,0.72,0.0,33.7,42.57,29.94,38.93,0,0,0,0,0,1,0,0,0,0,0,0,0,0,0,0,1,0,0,0,0,0,0,0,0,1,0,0,0,0,0,0,0,0,0,1,0,0,0,0,0,0,0,0,0,0,1,7.562452020624048,7.638840424872775
6,2,11,0.49,1.0,41.83,36.79,0.0,0.0,0.92,9.42,12.67,5.589,46.6,33.1,43.97,29.11,39.6,1000.05,110.0,1.0,0.0,288.3,0.68,0.1064,35.36,46.6,31.04,43.97,0,0,0,0,0,1,0,0,0,0,0,0,0,0,0,0,0,0,0,1,0,0,0,0,0,1,0,0,0,0,0,0,0,0,0,1,0,0,1,0,0,0,0,0,0,0,0,6.647359842078014,13.566040494036764
6,2,11,0.49,1.0,41.83,36.79,0.0,0.0,0.92,9.42,12.67,5.589,46.6,33.1,43.97,29.11,39.6,1000.05,110.0,1.0,0.0,288.3,0.68,0.1064,35.36,46.6,31.04,43.97,0,0,0,0,0,1,0,0,0,0,0,0,0,0,0,0,0,0,0,1,0,0,0,0,0,1,0,0,0,0,0,0,0,0,0,1,0,0,0,0,0,0,0,0,0,0,1,6.711175368690083,13.696276262632823
17,2,11,0.49,1.0,41.34,35.14,0.0,0.0,0.63,8.76,14.9,9.973,42.57,33.1,38.93,29.11,29.17,991.33,303.0,0.99,1.0,323.9,0.72,0.0,33.7,42.57,29.94,38.93,0,0,0,0,0,1,0,0,0,0,0,0,0,0,0,0,0,0,0,1,0,0,0,0,0,1,0,0,0,0,0,0,0,0,0,1,0,0,1,0,0,0,0,0,0,0,0,6.681375766109125,13.63546074716148
17,2,11,0.49,1.0,41.34,35.14,0.0,0.0,0.63,8.76,14.9,9.973,42.57,33.1,38.93,29.11,29.17,991.33,303.0,0.99,1.0,323.9,0.72,0.0,33.7,42.57,29.94,38.93,0,0,0,0,0,1,0,0,0,0,0,0,0,0,0,0,0,0,0,1,0,0,0,0,0,1,0,0,0,0,0,0,0,0,0,1,0,0,0,0,0,0,0,0,0,0,1,6.745191292721194,13.76569651575754
6,2,11,1.18,1.0,41.83,36.79,0.0,0.0,0.92,9.42,12.67,5.589,46.6,33.1,43.97,29.11,39.6,1000.05,110.0,1.0,0.0,288.3,0.68,0.1064,35.36,46.6,31.04,43.97,0,0,0,0,0,1,0,0,0,0,0,0,0,0,0,0,0,0,0,0,0,0,1,0,0,1,0,0,0,0,0,0,0,0,0,1,0,0,1,0,0,0,0,0,0,0,0,7.892299355085026,6.688389283970361
6,2,11,1.18,1.0,41.83,36.79,0.0,0.0,0.92,9.42,12.67,5.589,46.6,33.1,43.97,29.11,39.6,1000.05,110.0,1.0,0.0,288.3,0.68,0.1064,35.36,46.6,31.04,43.97,0,0,0,0,0,1,0,0,0,0,0,0,0,0,0,0,0,0,0,0,0,0,1,0,0,1,0,0,0,0,0,0,0,0,0,1,0,0,0,0,0,0,0,0,0,0,1,7.956114881697094,6.7424702387263515
17,2,11,1.18,1.0,41.34,35.14,0.0,0.0,0.63,8.76,14.9,9.973,42.57,33.1,38.93,29.11,29.17,991.33,303.0,0.99,1.0,323.9,0.72,0.0,33.7,42.57,29.94,38.93,0,0,0,0,0,1,0,0,0,0,0,0,0,0,0,0,0,0,0,0,0,0,1,0,0,1,0,0,0,0,0,0,0,0,0,1,0,0,1,0,0,0,0,0,0,0,0,7.919342515986712,6.711307216937892
17,2,11,1.18,1.0,41.34,35.14,0.0,0.0,0.63,8.76,14.9,9.973,42.57,33.1,38.93,29.11,29.17,991.33,303.0,0.99,1.0,323.9,0.72,0.0,33.7,42.57,29.94,38.93,0,0,0,0,0,1,0,0,0,0,0,0,0,0,0,0,0,0,0,0,0,0,1,0,0,1,0,0,0,0,0,0,0,0,0,1,0,0,0,0,0,0,0,0,0,0,1,7.983158042598781,6.765388171693883
6,2,11,0.62,1.0,41.83,36.79,0.0,0.0,0.92,9.42,12.67,5.589,46.6,33.1,43.97,29.11,39.6,1000.05,110.0,1.0,0.0,288.3,0.68,0.1064,35.36,46.6,31.04,43.97,0,0,0,0,0,1,0,0,0,0,0,0,0,0,0,0,0,0,0,0,0,0,0,1,0,1,0,0,0,0,0,0,0,0,0,1,0,0,1,0,0,0,0,0,0,0,0,6.853160476716678,11.053484639865609
6,2,11,0.62,1.0,41.83,36.79,0.0,0.0,0.92,9.42,12.67,5.589,46.6,33.1,43.97,29.11,39.6,1000.05,110.0,1.0,0.0,288.3,0.68,0.1064,35.36,46.6,31.04,43.97,0,0,0,0,0,1,0,0,0,0,0,0,0,0,0,0,0,0,0,0,0,0,0,1,0,1,0,0,0,0,0,0,0,0,0,1,0,0,0,0,0,0,0,0,0,0,1,6.916976003328746,11.156412908594753
17,2,11,0.62,1.0,41.34,35.14,0.0,0.0,0.63,8.76,14.9,9.973,42.57,33.1,38.93,29.11,29.17,991.33,303.0,0.99,1.0,323.9,0.72,0.0,33.7,42.57,29.94,38.93,0,0,0,0,0,1,0,0,0,0,0,0,0,0,0,0,0,0,0,0,0,0,0,1,0,1,0,0,0,0,0,0,0,0,0,1,0,0,1,0,0,0,0,0,0,0,0,6.875790040428767,11.08998393617543
17,2,11,0.62,1.0,41.34,35.14,0.0,0.0,0.63,8.76,14.9,9.973,42.57,33.1,38.93,29.11,29.17,991.33,303.0,0.99,1.0,323.9,0.72,0.0,33.7,42.57,29.94,38.93,0,0,0,0,0,1,0,0,0,0,0,0,0,0,0,0,0,0,0,0,0,0,0,1,0,1,0,0,0,0,0,0,0,0,0,1,0,0,0,0,0,0,0,0,0,0,1,6.939605567040837,11.192912204904575
6,2,11,2.8,1.0,41.83,36.79,0.0,0.0,0.92,9.42,12.67,5.589,46.6,33.1,43.97,29.11,39.6,1000.05,110.0,1.0,0.0,288.3,0.68,0.1064,35.36,46.6,31.04,43.97,0,0,0,0,0,0,1,0,0,0,0,0,1,0,0,0,0,0,0,0,0,0,0,0,0,1,0,0,0,0,0,0,0,0,0,1,0,0,1,0,0,0,0,0,0,0,0,11.344115279788205,4.051469742781502
6,2,11,2.8,1.0,41.83,36.79,0.0,0.0,0.92,9.42,12.67,5.589,46.6,33.1,43.97,29.11,39.6,1000.05,110.0,1.0,0.0,288.3,0.68,0.1064,35.36,46.6,31.04,43.97,0,0,0,0,0,0,1,0,0,0,0,0,1,0,0,0,0,0,0,0,0,0,0,0,0,1,0,0,0,0,0,0,0,0,0,1,0,0,0,0,0,0,0,0,0,0,1,11.407930806400273,4.074261002285812
17,2,11,2.8,1.0,41.34,35.14,0.0,0.0,0.63,8.76,14.9,9.973,42.57,33.1,38.93,29.11,29.17,991.33,303.0,0.99,1.0,323.9,0.72,0.0,33.7,42.57,29.94,38.93,0,0,0,0,0,0,1,0,0,0,0,0,1,0,0,0,0,0,0,0,0,0,0,0,0,1,0,0,0,0,0,0,0,0,0,1,0,0,1,0,0,0,0,0,0,0,0,11.343754717097688,4.051340970392032
17,2,11,2.8,1.0,41.34,35.14,0.0,0.0,0.63,8.76,14.9,9.973,42.57,33.1,38.93,29.11,29.17,991.33,303.0,0.99,1.0,323.9,0.72,0.0,33.7,42.57,29.94,38.93,0,0,0,0,0,0,1,0,0,0,0,0,1,0,0,0,0,0,0,0,0,0,0,0,0,1,0,0,0,0,0,0,0,0,0,1,0,0,0,0,0,0,0,0,0,0,1,11.407570243709756,4.074132229896342
6,2,11,1.83,1.0,41.83,36.79,0.0,0.0,0.92,9.42,12.67,5.589,46.6,33.1,43.97,29.11,39.6,1000.05,110.0,1.0,0.0,288.3,0.68,0.1064,35.36,46.6,31.04,43.97,0,0,0,0,0,0,1,0,0,0,0,0,0,1,0,0,0,0,0,0,0,0,0,0,0,1,0,0,0,0,0,0,0,0,0,1,0,0,1,0,0,0,0,0,0,0,0,9.266657991614919,5.0637475364015945
6,2,11,1.83,1.0,41.83,36.79,0.0,0.0,0.92,9.42,12.67,5.589,46.6,33.1,43.97,29.11,39.6,1000.05,110.0,1.0,0.0,288.3,0.68,0.1064,35.36,46.6,31.04,43.97,0,0,0,0,0,0,1,0,0,0,0,0,0,1,0,0,0,0,0,0,0,0,0,0,0,1,0,0,0,0,0,0,0,0,0,1,0,0,0,0,0,0,0,0,0,0,1,9.330473518226988,5.098619408867206
17,2,11,1.83,1.0,41.34,35.14,0.0,0.0,0.63,8.76,14.9,9.973,42.57,33.1,38.93,29.11,29.17,991.33,303.0,0.99,1.0,323.9,0.72,0.0,33.7,42.57,29.94,38.93,0,0,0,0,0,0,1,0,0,0,0,0,0,1,0,0,0,0,0,0,0,0,0,0,0,1,0,0,0,0,0,0,0,0,0,1,0,0,1,0,0,0,0,0,0,0,0,9.288964285317197,5.075936767932895
17,2,11,1.83,1.0,41.34,35.14,0.0,0.0,0.63,8.76,14.9,9.973,42.57,33.1,38.93,29.11,29.17,991.33,303.0,0.99,1.0,323.9,0.72,0.0,33.7,42.57,29.94,38.93,0,0,0,0,0,0,1,0,0,0,0,0,0,1,0,0,0,0,0,0,0,0,0,0,0,1,0,0,0,0,0,0,0,0,0,1,0,0,0,0,0,0,0,0,0,0,1,9.352779811929267,5.110808640398506
6,2,11,1.09,1.0,41.83,36.79,0.0,0.0,0.92,9.42,12.67,5.589,46.6,33.1,43.97,29.11,39.6,1000.05,110.0,1.0,0.0,288.3,0.68,0.1064,35.36,46.6,31.04,43.97,0,0,0,0,0,0,1,0,0,0,0,0,0,0,0,0,1,0,0,0,0,0,0,0,0,1,0,0,0,0,0,0,0,0,0,1,0,0,1,0,0,0,0,0,0,0,0,7.855903883531007,7.207251269294502
6,2,11,1.09,1.0,41.83,36.79,0.0,0.0,0.92,9.42,12.67,5.589,46.6,33.1,43.97,29.11,39.6,1000.05,110.0,1.0,0.0,288.3,0.68,0.1064,35.36,46.6,31.04,43.97,0,0,0,0,0,0,1,0,0,0,0,0,0,0,0,0,1,0,0,0,0,0,0,0,0,1,0,0,0,0,0,0,0,0,0,1,0,0,0,0,0,0,0,0,0,0,1,7.919719410143077,7.265797623984473
17,2,11,1.09,1.0,41.34,35.14,0.0,0.0,0.63,8.76,14.9,9.973,42.57,33.1,38.93,29.11,29.17,991.33,303.0,0.99,1.0,323.9,0.72,0.0,33.7,42.57,29.94,38.93,0,0,0,0,0,0,1,0,0,0,0,0,0,0,0,0,1,0,0,0,0,0,0,0,0,1,0,0,0,0,0,0,0,0,0,1,0,0,1,0,0,0,0,0,0,0,0,7.866984962640278,7.217417396917686
17,2,11,1.09,1.0,41.34,35.14,0.0,0.0,0.63,8.76,14.9,9.973,42.57,33.1,38.93,29.11,29.17,991.33,303.0,0.99,1.0,323.9,0.72,0.0,33.7,42.57,29.94,38.93,0,0,0,0,0,0,1,0,0,0,0,0,0,0,0,0,1,0,0,0,0,0,0,0,0,1,0,0,0,0,0,0,0,0,0,1,0,0,0,0,0,0,0,0,0,0,1,7.9308004892523485,7.275963751607659
6,2,11,1.03,1.0,41.83,36.79,0.0,0.0,0.92,9.42,12.67,5.589,46.6,33.1,43.97,29.11,39.6,1000.05,110.0,1.0,0.0,288.3,0.68,0.1064,35.36,46.6,31.04,43.97,0,0,0,0,0,0,1,0,0,0,0,0,0,0,0,0,0,0,0,1,0,0,0,0,0,1,0,0,0,0,0,0,0,0,0,1,0,0,1,0,0,0,0,0,0,0,0,7.46496547610377,7.247539297188126
6,2,11,1.03,1.0,41.83,36.79,0.0,0.0,0.92,9.42,12.67,5.589,46.6,33.1,43.97,29.11,39.6,1000.05,110.0,1.0,0.0,288.3,0.68,0.1064,35.36,46.6,31.04,43.97,0,0,0,0,0,0,1,0,0,0,0,0,0,0,0,0,0,0,0,1,0,0,0,0,0,1,0,0,0,0,0,0,0,0,0,1,0,0,0,0,0,0,0,0,0,0,1,7.5287810027158395,7.309496119141592
17,2,11,1.03,1.0,41.34,35.14,0.0,0.0,0.63,8.76,14.9,9.973,42.57,33.1,38.93,29.11,29.17,991.33,303.0,0.99,1.0,323.9,0.72,0.0,33.7,42.57,29.94,38.93,0,0,0,0,0,0,1,0,0,0,0,0,0,0,0,0,0,0,0,1,0,0,0,0,0,1,0,0,0,0,0,0,0,0,0,1,0,0,1,0,0,0,0,0,0,0,0,7.494325820787817,7.276044486201764
17,2,11,1.03,1.0,41.34,35.14,0.0,0.0,0.63,8.76,14.9,9.973,42.57,33.1,38.93,29.11,29.17,991.33,303.0,0.99,1.0,323.9,0.72,0.0,33.7,42.57,29.94,38.93,0,0,0,0,0,0,1,0,0,0,0,0,0,0,0,0,0,0,0,1,0,0,0,0,0,1,0,0,0,0,0,0,0,0,0,1,0,0,0,0,0,0,0,0,0,0,1,7.558141347399885,7.338001308155228
6,2,11,1.41,1.0,41.83,36.79,0.0,0.0,0.92,9.42,12.67,5.589,46.6,33.1,43.97,29.11,39.6,1000.05,110.0,1.0,0.0,288.3,0.68,0.1064,35.36,46.6,31.04,43.97,0,0,0,0,0,0,1,0,0,0,0,0,0,0,0,0,0,0,0,0,0,0,1,0,0,1,0,0,0,0,0,0,0,0,0,1,0,0,1,0,0,0,0,0,0,0,0,8.566355960887584,6.075429759494741
6,2,11,1.41,1.0,41.83,36.79,0.0,0.0,0.92,9.42,12.67,5.589,46.6,33.1,43.97,29.11,39.6,1000.05,110.0,1.0,0.0,288.3,0.68,0.1064,35.36,46.6,31.04,43.97,0,0,0,0,0,0,1,0,0,0,0,0,0,0,0,0,0,0,0,0,0,0,1,0,0,1,0,0,0,0,0,0,0,0,0,1,0,0,0,0,0,0,0,0,0,0,1,8.630171487499654,6.120688998226705
17,2,11,1.41,1.0,41.34,35.14,0.0,0.0,0.63,8.76,14.9,9.973,42.57,33.1,38.93,29.11,29.17,991.33,303.0,0.99,1.0,323.9,0.72,0.0,33.7,42.57,29.94,38.93,0,0,0,0,0,0,1,0,0,0,0,0,0,0,0,0,0,0,0,0,0,0,1,0,0,1,0,0,0,0,0,0,0,0,0,1,0,0,1,0,0,0,0,0,0,0,0,8.570760582019027,6.078553604268814
17,2,11,1.41,1.0,41.34,35.14,0.0,0.0,0.63,8.76,14.9,9.973,42.57,33.1,38.93,29.11,29.17,991.33,303.0,0.99,1.0,323.9,0.72,0.0,33.7,42.57,29.94,38.93,0,0,0,0,0,0,1,0,0,0,0,0,0,0,0,0,0,0,0,0,0,0,1,0,0,1,0,0,0,0,0,0,0,0,0,1,0,0,0,0,0,0,0,0,0,0,1,8.634576108631096,6.123812843000778
6,2,11,1.19,1.0,41.83,36.79,0.0,0.0,0.92,9.42,12.67,5.589,46.6,33.1,43.97,29.11,39.6,1000.05,110.0,1.0,0.0,288.3,0.68,0.1064,35.36,46.6,31.04,43.97,0,0,0,0,0,0,1,0,0,0,0,0,0,0,0,0,0,0,0,0,0,0,0,1,0,1,0,0,0,0,0,0,0,0,0,1,0,0,1,0,0,0,0,0,0,0,0,7.738944872036267,6.503315018517872
6,2,11,1.19,1.0,41.83,36.79,0.0,0.0,0.92,9.42,12.67,5.589,46.6,33.1,43.97,29.11,39.6,1000.05,110.0,1.0,0.0,288.3,0.68,0.1064,35.36,46.6,31.04,43.97,0,0,0,0,0,0,1,0,0,0,0,0,0,0,0,0,0,0,0,0,0,0,0,1,0,1,0,0,0,0,0,0,0,0,0,1,0,0,0,0,0,0,0,0,0,0,1,7.802760398648336,6.55694151146919
17,2,11,1.19,1.0,41.34,35.14,0.0,0.0,0.63,8.76,14.9,9.973,42.57,33.1,38.93,29.11,29.17,991.33,303.0,0.99,1.0,323.9,0.72,0.0,33.7,42.57,29.94,38.93,0,0,0,0,0,0,1,0,0,0,0,0,0,0,0,0,0,0,0,0,0,0,0,1,0,1,0,0,0,0,0,0,0,0,0,1,0,0,1,0,0,0,0,0,0,0,0,7.761278406959376,6.522082694923846
17,2,11,1.19,1.0,41.34,35.14,0.0,0.0,0.63,8.76,14.9,9.973,42.57,33.1,38.93,29.11,29.17,991.33,303.0,0.99,1.0,323.9,0.72,0.0,33.7,42.57,29.94,38.93,0,0,0,0,0,0,1,0,0,0,0,0,0,0,0,0,0,0,0,0,0,0,0,1,0,1,0,0,0,0,0,0,0,0,0,1,0,0,0,0,0,0,0,0,0,0,1,7.825093933571445,6.575709187875164
6,2,11,3.01,1.0,41.83,36.79,0.0,0.0,0.92,9.42,12.67,5.589,46.6,33.1,43.97,29.11,39.6,1000.05,110.0,1.0,0.0,288.3,0.68,0.1064,35.36,46.6,31.04,43.97,0,0,0,0,0,0,0,1,0,0,0,0,0,0,1,0,0,0,0,0,0,0,0,0,0,1,0,0,0,0,0,0,0,0,0,1,0,0,1,0,0,0,0,0,0,0,0,11.299413187656633,3.753957869653367
6,2,11,3.01,1.0,41.83,36.79,0.0,0.0,0.92,9.42,12.67,5.589,46.6,33.1,43.97,29.11,39.6,1000.05,110.0,1.0,0.0,288.3,0.68,0.1064,35.36,46.6,31.04,43.97,0,0,0,0,0,0,0,1,0,0,0,0,0,0,1,0,0,0,0,0,0,0,0,0,0,1,0,0,0,0,0,0,0,0,0,1,0,0,0,0,0,0,0,0,0,0,1,11.363228714268702,3.7751590412852836
17,2,11,3.01,1.0,41.34,35.14,0.0,0.0,0.63,8.76,14.9,9.973,42.57,33.1,38.93,29.11,29.17,991.33,303.0,0.99,1.0,323.9,0.72,0.0,33.7,42.57,29.94,38.93,0,0,0,0,0,0,0,1,0,0,0,0,0,0,1,0,0,0,0,0,0,0,0,0,0,1,0,0,0,0,0,0,0,0,0,1,0,0,1,0,0,0,0,0,0,0,0,11.32254983459684,3.7616444633212094
17,2,11,3.01,1.0,41.34,35.14,0.0,0.0,0.63,8.76,14.9,9.973,42.57,33.1,38.93,29.11,29.17,991.33,303.0,0.99,1.0,323.9,0.72,0.0,33.7,42.57,29.94,38.93,0,0,0,0,0,0,0,1,0,0,0,0,0,0,1,0,0,0,0,0,0,0,0,0,0,1,0,0,0,0,0,0,0,0,0,1,0,0,0,0,0,0,0,0,0,0,1,11.386365361208908,3.7828456349531256
6,2,11,3.05,1.0,41.83,36.79,0.0,0.0,0.92,9.42,12.67,5.589,46.6,33.1,43.97,29.11,39.6,1000.05,110.0,1.0,0.0,288.3,0.68,0.1064,35.36,46.6,31.04,43.97,0,0,0,0,0,0,0,1,0,0,0,0,0,0,0,1,0,0,0,0,0,0,0,0,0,1,0,0,0,0,0,0,0,0,0,1,0,0,1,0,0,0,0,0,0,0,0,11.11908364456953,3.64560119494083
6,2,11,3.05,1.0,41.83,36.79,0.0,0.0,0.92,9.42,12.67,5.589,46.6,33.1,43.97,29.11,39.6,1000.05,110.0,1.0,0.0,288.3,0.68,0.1064,35.36,46.6,31.04,43.97,0,0,0,0,0,0,0,1,0,0,0,0,0,0,0,1,0,0,0,0,0,0,0,0,0,1,0,0,0,0,0,0,0,0,0,1,0,0,0,0,0,0,0,0,0,0,1,11.182899171181601,3.666524318420197
17,2,11,3.05,1.0,41.34,35.14,0.0,0.0,0.63,8.76,14.9,9.973,42.57,33.1,38.93,29.11,29.17,991.33,303.0,0.99,1.0,323.9,0.72,0.0,33.7,42.57,29.94,38.93,0,0,0,0,0,0,0,1,0,0,0,0,0,0,0,1,0,0,0,0,0,0,0,0,0,1,0,0,0,0,0,0,0,0,0,1,0,0,1,0,0,0,0,0,0,0,0,11.178110704560256,3.6649543293640185
17,2,11,3.05,1.0,41.34,35.14,0.0,0.0,0.63,8.76,14.9,9.973,42.57,33.1,38.93,29.11,29.17,991.33,303.0,0.99,1.0,323.9,0.72,0.0,33.7,42.57,29.94,38.93,0,0,0,0,0,0,0,1,0,0,0,0,0,0,0,1,0,0,0,0,0,0,0,0,0,1,0,0,0,0,0,0,0,0,0,1,0,0,0,0,0,0,0,0,0,0,1,11.241926231172323,3.685877452843385
6,2,11,0.56,1.0,41.83,36.79,0.0,0.0,0.92,9.42,12.67,5.589,46.6,33.1,43.97,29.11,39.6,1000.05,110.0,1.0,0.0,288.3,0.68,0.1064,35.36,46.6,31.04,43.97,0,0,0,0,0,0,0,1,0,0,0,0,0,0,0,0,0,1,0,0,0,0,0,0,0,1,0,0,0,0,0,0,0,0,0,1,0,0,1,0,0,0,0,0,0,0,0,6.634290451342345,11.8469472345399
6,2,11,0.56,1.0,41.83,36.79,0.0,0.0,0.92,9.42,12.67,5.589,46.6,33.1,43.97,29.11,39.6,1000.05,110.0,1.0,0.0,288.3,0.68,0.1064,35.36,46.6,31.04,43.97,0,0,0,0,0,0,0,1,0,0,0,0,0,0,0,0,0,1,0,0,0,0,0,0,0,1,0,0,0,0,0,0,0,0,0,1,0,0,0,0,0,0,0,0,0,0,1,6.698105977954413,11.960903532061451
17,2,11,0.56,1.0,41.34,35.14,0.0,0.0,0.63,8.76,14.9,9.973,42.57,33.1,38.93,29.11,29.17,991.33,303.0,0.99,1.0,323.9,0.72,0.0,33.7,42.57,29.94,38.93,0,0,0,0,0,0,0,1,0,0,0,0,0,0,0,0,0,1,0,0,0,0,0,0,0,1,0,0,0,0,0,0,0,0,0,1,0,0,1,0,0,0,0,0,0,0,0,6.6693216288434405,11.909502908649
17,2,11,0.56,1.0,41.34,35.14,0.0,0.0,0.63,8.76,14.9,9.973,42.57,33.1,38.93,29.11,29.17,991.33,303.0,0.99,1.0,323.9,0.72,0.0,33.7,42.57,29.94,38.93,0,0,0,0,0,0,0,1,0,0,0,0,0,0,0,0,0,1,0,0,0,0,0,0,0,1,0,0,0,0,0,0,0,0,0,1,0,0,0,0,0,0,0,0,0,0,1,6.733137155455509,12.02345920617055
6,2,11,1.08,1.0,41.83,36.79,0.0,0.0,0.92,9.42,12.67,5.589,46.6,33.1,43.97,29.11,39.6,1000.05,110.0,1.0,0.0,288.3,0.68,0.1064,35.36,46.6,31.04,43.97,0,0,0,0,0,0,0,1,0,0,0,0,0,0,0,0,0,0,1,0,0,0,0,0,0,1,0,0,0,0,0,0,0,0,0,1,0,0,1,0,0,0,0,0,0,0,0,7.418743303723994,6.869206762707401
6,2,11,1.08,1.0,41.83,36.79,0.0,0.0,0.92,9.42,12.67,5.589,46.6,33.1,43.97,29.11,39.6,1000.05,110.0,1.0,0.0,288.3,0.68,0.1064,35.36,46.6,31.04,43.97,0,0,0,0,0,0,0,1,0,0,0,0,0,0,0,0,0,0,1,0,0,0,0,0,0,1,0,0,0,0,0,0,0,0,0,1,0,0,0,0,0,0,0,0,0,0,1,7.482558830336063,6.928295213274132
17,2,11,1.08,1.0,41.34,35.14,0.0,0.0,0.63,8.76,14.9,9.973,42.57,33.1,38.93,29.11,29.17,991.33,303.0,0.99,1.0,323.9,0.72,0.0,33.7,42.57,29.94,38.93,0,0,0,0,0,0,0,1,0,0,0,0,0,0,0,0,0,0,1,0,0,0,0,0,0,1,0,0,0,0,0,0,0,0,0,1,0,0,1,0,0,0,0,0,0,0,0,7.450220907137147,6.8983526917936535
17,2,11,1.08,1.0,41.34,35.14,0.0,0.0,0.63,8.76,14.9,9.973,42.57,33.1,38.93,29.11,29.17,991.33,303.0,0.99,1.0,323.9,0.72,0.0,33.7,42.57,29.94,38.93,0,0,0,0,0,0,0,1,0,0,0,0,0,0,0,0,0,0,1,0,0,0,0,0,0,1,0,0,0,0,0,0,0,0,0,1,0,0,0,0,0,0,0,0,0,0,1,7.514036433749216,6.957441142360385
6,2,11,3.31,1.0,41.83,36.79,0.0,0.0,0.92,9.42,12.67,5.589,46.6,33.1,43.97,29.11,39.6,1000.05,110.0,1.0,0.0,288.3,0.68,0.1064,35.36,46.6,31.04,43.97,0,0,0,0,0,0,0,1,0,0,0,0,0,0,0,0,0,0,0,0,1,0,0,0,0,1,0,0,0,0,0,0,0,0,0,1,0,0,1,0,0,0,0,0,0,0,0,11.9552252521086,3.6118505293379455
6,2,11,3.31,1.0,41.83,36.79,0.0,0.0,0.92,9.42,12.67,5.589,46.6,33.1,43.97,29.11,39.6,1000.05,110.0,1.0,0.0,288.3,0.68,0.1064,35.36,46.6,31.04,43.97,0,0,0,0,0,0,0,1,0,0,0,0,0,0,0,0,0,0,0,0,1,0,0,0,0,1,0,0,0,0,0,0,0,0,0,1,0,0,0,0,0,0,0,0,0,0,1,12.01904077872067,3.6311301446286013
17,2,11,3.31,1.0,41.34,35.14,0.0,0.0,0.63,8.76,14.9,9.973,42.57,33.1,38.93,29.11,29.17,991.33,303.0,0.99,1.0,323.9,0.72,0.0,33.7,42.57,29.94,38.93,0,0,0,0,0,0,0,1,0,0,0,0,0,0,0,0,0,0,0,0,1,0,0,0,0,1,0,0,0,0,0,0,0,0,0,1,0,0,1,0,0,0,0,0,0,0,0,11.975824094794602,3.6180737446509372
17,2,11,3.31,1.0,41.34,35.14,0.0,0.0,0.63,8.76,14.9,9.973,42.57,33.1,38.93,29.11,29.17,991.33,303.0,0.99,1.0,323.9,0.72,0.0,33.7,42.57,29.94,38.93,0,0,0,0,0,0,0,1,0,0,0,0,0,0,0,0,0,0,0,0,1,0,0,0,0,1,0,0,0,0,0,0,0,0,0,1,0,0,0,0,0,0,0,0,0,0,1,12.03963962140667,3.6373533599415917
6,2,11,2.12,1.0,41.83,36.79,0.0,0.0,0.92,9.42,12.67,5.589,46.6,33.1,43.97,29.11,39.6,1000.05,110.0,1.0,0.0,288.3,0.68,0.1064,35.36,46.6,31.04,43.97,0,0,0,0,0,0,0,1,0,0,0,0,0,0,0,0,0,0,0,0,0,1,0,0,0,1,0,0,0,0,0,0,0,0,0,1,0,0,1,0,0,0,0,0,0,0,0,9.420294358710493,4.44353507486344
6,2,11,2.12,1.0,41.83,36.79,0.0,0.0,0.92,9.42,12.67,5.589,46.6,33.1,43.97,29.11,39.6,1000.05,110.0,1.0,0.0,288.3,0.68,0.1064,35.36,46.6,31.04,43.97,0,0,0,0,0,0,0,1,0,0,0,0,0,0,0,0,0,0,0,0,0,1,0,0,0,1,0,0,0,0,0,0,0,0,0,1,0,0,0,0,0,0,0,0,0,0,1,9.484109885322562,4.473636738359699
17,2,11,2.12,1.0,41.34,35.14,0.0,0.0,0.63,8.76,14.9,9.973,42.57,33.1,38.93,29.11,29.17,991.33,303.0,0.99,1.0,323.9,0.72,0.0,33.7,42.57,29.94,38.93,0,0,0,0,0,0,0,1,0,0,0,0,0,0,0,0,0,0,0,0,0,1,0,0,0,1,0,0,0,0,0,0,0,0,0,1,0,0,1,0,0,0,0,0,0,0,0,9.434603343843115,4.450284596152413
17,2,11,2.12,1.0,41.34,35.14,0.0,0.0,0.63,8.76,14.9,9.973,42.57,33.1,38.93,29.11,29.17,991.33,303.0,0.99,1.0,323.9,0.72,0.0,33.7,42.57,29.94,38.93,0,0,0,0,0,0,0,1,0,0,0,0,0,0,0,0,0,0,0,0,0,1,0,0,0,1,0,0,0,0,0,0,0,0,0,1,0,0,0,0,0,0,0,0,0,0,1,9.498418870455183,4.480386259648671
6,2,11,1.5,1.0,41.83,36.79,0.0,0.0,0.92,9.42,12.67,5.589,46.6,33.1,43.97,29.11,39.6,1000.05,110.0,1.0,0.0,288.3,0.68,0.1064,35.36,46.6,31.04,43.97,0,0,0,0,0,0,0,0,1,0,0,0,1,0,0,0,0,0,0,0,0,0,0,0,0,1,0,0,0,0,0,0,0,0,0,1,0,0,1,0,0,0,0,0,0,0,0,7.982371147884873,5.321580765256582
6,2,11,1.5,1.0,41.83,36.79,0.0,0.0,0.92,9.42,12.67,5.589,46.6,33.1,43.97,29.11,39.6,1000.05,110.0,1.0,0.0,288.3,0.68,0.1064,35.36,46.6,31.04,43.97,0,0,0,0,0,0,0,0,1,0,0,0,1,0,0,0,0,0,0,0,0,0,0,0,0,1,0,0,0,0,0,0,0,0,0,1,0,0,0,0,0,0,0,0,0,0,1,8.046186674496942,5.3641244496646285
17,2,11,1.5,1.0,41.34,35.14,0.0,0.0,0.63,8.76,14.9,9.973,42.57,33.1,38.93,29.11,29.17,991.33,303.0,0.99,1.0,323.9,0.72,0.0,33.7,42.57,29.94,38.93,0,0,0,0,0,0,0,0,1,0,0,0,1,0,0,0,0,0,0,0,0,0,0,0,0,1,0,0,0,0,0,0,0,0,0,1,0,0,1,0,0,0,0,0,0,0,0,8.013854276515069,5.342569517676712
17,2,11,1.5,1.0,41.34,35.14,0.0,0.0,0.63,8.76,14.9,9.973,42.57,33.1,38.93,29.11,29.17,991.33,303.0,0.99,1.0,323.9,0.72,0.0,33.7,42.57,29.94,38.93,0,0,0,0,0,0,0,0,1,0,0,0,1,0,0,0,0,0,0,0,0,0,0,0,0,1,0,0,0,0,0,0,0,0,0,1,0,0,0,0,0,0,0,0,0,0,1,8.077669803127138,5.385113202084759
6,2,11,2.59,1.0,41.83,36.79,0.0,0.0,0.92,9.42,12.67,5.589,46.6,33.1,43.97,29.11,39.6,1000.05,110.0,1.0,0.0,288.3,0.68,0.1064,35.36,46.6,31.04,43.97,0,0,0,0,0,0,0,0,1,0,0,0,0,1,0,0,0,0,0,0,0,0,0,0,0,1,0,0,0,0,0,0,0,0,0,1,0,0,1,0,0,0,0,0,0,0,0,10.278378285854988,3.9684858246544357
6,2,11,2.59,1.0,41.83,36.79,0.0,0.0,0.92,9.42,12.67,5.589,46.6,33.1,43.97,29.11,39.6,1000.05,110.0,1.0,0.0,288.3,0.68,0.1064,35.36,46.6,31.04,43.97,0,0,0,0,0,0,0,0,1,0,0,0,0,1,0,0,0,0,0,0,0,0,0,0,0,1,0,0,0,0,0,0,0,0,0,1,0,0,0,0,0,0,0,0,0,0,1,10.342193812467057,3.993125024118555
17,2,11,2.59,1.0,41.34,35.14,0.0,0.0,0.63,8.76,14.9,9.973,42.57,33.1,38.93,29.11,29.17,991.33,303.0,0.99,1.0,323.9,0.72,0.0,33.7,42.57,29.94,38.93,0,0,0,0,0,0,0,0,1,0,0,0,0,1,0,0,0,0,0,0,0,0,0,0,0,1,0,0,0,0,0,0,0,0,0,1,0,0,1,0,0,0,0,0,0,0,0,10.301097972017937,3.9772579042540297
17,2,11,2.59,1.0,41.34,35.14,0.0,0.0,0.63,8.76,14.9,9.973,42.57,33.1,38.93,29.11,29.17,991.33,303.0,0.99,1.0,323.9,0.72,0.0,33.7,42.57,29.94,38.93,0,0,0,0,0,0,0,0,1,0,0,0,0,1,0,0,0,0,0,0,0,0,0,0,0,1,0,0,0,0,0,0,0,0,0,1,0,0,0,0,0,0,0,0,0,0,1,10.364913498630004,4.001897103718148
6,2,11,4.23,1.0,41.83,36.79,0.0,0.0,0.92,9.42,12.67,5.589,46.6,33.1,43.97,29.11,39.6,1000.05,110.0,1.0,0.0,288.3,0.68,0.1064,35.36,46.6,31.04,43.97,0,0,0,0,0,0,0,0,1,0,0,0,0,0,0,0,1,0,0,0,0,0,0,0,0,1,0,0,0,0,0,0,0,0,0,1,0,0,1,0,0,0,0,0,0,0,0,14.218849891533338,3.361430234405044
6,2,11,4.23,1.0,41.83,36.79,0.0,0.0,0.92,9.42,12.67,5.589,46.6,33.1,43.97,29.11,39.6,1000.05,110.0,1.0,0.0,288.3,0.68,0.1064,35.36,46.6,31.04,43.97,0,0,0,0,0,0,0,0,1,0,0,0,0,0,0,0,1,0,0,0,0,0,0,0,0,1,0,0,0,0,0,0,0,0,0,1,0,0,0,0,0,0,0,0,0,0,1,14.282665418145408,3.376516647315699
17,2,11,4.23,1.0,41.34,35.14,0.0,0.0,0.63,8.76,14.9,9.973,42.57,33.1,38.93,29.11,29.17,991.33,303.0,0.99,1.0,323.9,0.72,0.0,33.7,42.57,29.94,38.93,0,0,0,0,0,0,0,0,1,0,0,0,0,0,0,0,1,0,0,0,0,0,0,0,0,1,0,0,0,0,0,0,0,0,0,1,0,0,1,0,0,0,0,0,0,0,0,14.254066371068205,3.3697556432785354
17,2,11,4.23,1.0,41.34,35.14,0.0,0.0,0.63,8.76,14.9,9.973,42.57,33.1,38.93,29.11,29.17,991.33,303.0,0.99,1.0,323.9,0.72,0.0,33.7,42.57,29.94,38.93,0,0,0,0,0,0,0,0,1,0,0,0,0,0,0,0,1,0,0,0,0,0,0,0,0,1,0,0,0,0,0,0,0,0,0,1,0,0,0,0,0,0,0,0,0,0,1,14.317881897680273,3.3848420561891897
6,2,11,3.22,1.0,41.83,36.79,0.0,0.0,0.92,9.42,12.67,5.589,46.6,33.1,43.97,29.11,39.6,1000.05,110.0,1.0,0.0,288.3,0.68,0.1064,35.36,46.6,31.04,43.97,0,0,0,0,0,0,0,0,1,0,0,0,0,0,0,0,0,0,0,1,0,0,0,0,0,1,0,0,0,0,0,0,0,0,0,1,0,0,1,0,0,0,0,0,0,0,0,11.667801682100631,3.6235408950623076
6,2,11,3.22,1.0,41.83,36.79,0.0,0.0,0.92,9.42,12.67,5.589,46.6,33.1,43.97,29.11,39.6,1000.05,110.0,1.0,0.0,288.3,0.68,0.1064,35.36,46.6,31.04,43.97,0,0,0,0,0,0,0,0,1,0,0,0,0,0,0,0,0,0,0,1,0,0,0,0,0,1,0,0,0,0,0,0,0,0,0,1,0,0,0,0,0,0,0,0,0,0,1,11.7316172087127,3.643359381587795
17,2,11,3.22,1.0,41.34,35.14,0.0,0.0,0.63,8.76,14.9,9.973,42.57,33.1,38.93,29.11,29.17,991.33,303.0,0.99,1.0,323.9,0.72,0.0,33.7,42.57,29.94,38.93,0,0,0,0,0,0,0,0,1,0,0,0,0,0,0,0,0,0,0,1,0,0,0,0,0,1,0,0,0,0,0,0,0,0,0,1,0,0,1,0,0,0,0,0,0,0,0,11.708022825323761,3.6360319333303606
17,2,11,3.22,1.0,41.34,35.14,0.0,0.0,0.63,8.76,14.9,9.973,42.57,33.1,38.93,29.11,29.17,991.33,303.0,0.99,1.0,323.9,0.72,0.0,33.7,42.57,29.94,38.93,0,0,0,0,0,0,0,0,1,0,0,0,0,0,0,0,0,0,0,1,0,0,0,0,0,1,0,0,0,0,0,0,0,0,0,1,0,0,0,0,0,0,0,0,0,0,1,11.771838351935829,3.655850419855847
6,2,11,1.99,1.0,41.83,36.79,0.0,0.0,0.92,9.42,12.67,5.589,46.6,33.1,43.97,29.11,39.6,1000.05,110.0,1.0,0.0,288.3,0.68,0.1064,35.36,46.6,31.04,43.97,0,0,0,0,0,0,0,0,1,0,0,0,0,0,0,0,0,0,0,0,0,0,1,0,0,1,0,0,0,0,0,0,0,0,0,1,0,0,1,0,0,0,0,0,0,0,0,9.089844973869408,4.567761293401713
6,2,11,1.99,1.0,41.83,36.79,0.0,0.0,0.92,9.42,12.67,5.589,46.6,33.1,43.97,29.11,39.6,1000.05,110.0,1.0,0.0,288.3,0.68,0.1064,35.36,46.6,31.04,43.97,0,0,0,0,0,0,0,0,1,0,0,0,0,0,0,0,0,0,0,0,0,0,1,0,0,1,0,0,0,0,0,0,0,0,0,1,0,0,0,0,0,0,0,0,0,0,1,9.153660500481477,4.599829397226873
17,2,11,1.99,1.0,41.34,35.14,0.0,0.0,0.63,8.76,14.9,9.973,42.57,33.1,38.93,29.11,29.17,991.33,303.0,0.99,1.0,323.9,0.72,0.0,33.7,42.57,29.94,38.93,0,0,0,0,0,0,0,0,1,0,0,0,0,0,0,0,0,0,0,0,0,0,1,0,0,1,0,0,0,0,0,0,0,0,0,1,0,0,1,0,0,0,0,0,0,0,0,9.118715737616458,4.5822692148826425
17,2,11,1.99,1.0,41.34,35.14,0.0,0.0,0.63,8.76,14.9,9.973,42.57,33.1,38.93,29.11,29.17,991.33,303.0,0.99,1.0,323.9,0.72,0.0,33.7,42.57,29.94,38.93,0,0,0,0,0,0,0,0,1,0,0,0,0,0,0,0,0,0,0,0,0,0,1,0,0,1,0,0,0,0,0,0,0,0,0,1,0,0,0,0,0,0,0,0,0,0,1,9.182531264228528,4.614337318707803
6,2,11,2.86,1.0,41.83,36.79,0.0,0.0,0.92,9.42,12.67,5.589,46.6,33.1,43.97,29.11,39.6,1000.05,110.0,1.0,0.0,288.3,0.68,0.1064,35.36,46.6,31.04,43.97,0,0,0,0,0,0,0,0,1,0,0,0,0,0,0,0,0,0,0,0,0,0,0,1,0,1,0,0,0,0,0,0,0,0,0,1,0,0,1,0,0,0,0,0,0,0,0,10.541902576805073,3.685979921959816
6,2,11,2.86,1.0,41.83,36.79,0.0,0.0,0.92,9.42,12.67,5.589,46.6,33.1,43.97,29.11,39.6,1000.05,110.0,1.0,0.0,288.3,0.68,0.1064,35.36,46.6,31.04,43.97,0,0,0,0,0,0,0,0,1,0,0,0,0,0,0,0,0,0,0,0,0,0,0,1,0,1,0,0,0,0,0,0,0,0,0,1,0,0,0,0,0,0,0,0,0,0,1,10.605718103417145,3.708293043152848
17,2,11,2.86,1.0,41.34,35.14,0.0,0.0,0.63,8.76,14.9,9.973,42.57,33.1,38.93,29.11,29.17,991.33,303.0,0.99,1.0,323.9,0.72,0.0,33.7,42.57,29.94,38.93,0,0,0,0,0,0,0,0,1,0,0,0,0,0,0,0,0,0,0,0,0,0,0,1,0,1,0,0,0,0,0,0,0,0,0,1,0,0,1,0,0,0,0,0,0,0,0,10.581095002168775,3.6996835671918795
17,2,11,2.86,1.0,41.34,35.14,0.0,0.0,0.63,8.76,14.9,9.973,42.57,33.1,38.93,29.11,29.17,991.33,303.0,0.99,1.0,323.9,0.72,0.0,33.7,42.57,29.94,38.93,0,0,0,0,0,0,0,0,1,0,0,0,0,0,0,0,0,0,0,0,0,0,0,1,0,1,0,0,0,0,0,0,0,0,0,1,0,0,0,0,0,0,0,0,0,0,1,10.644910528780844,3.7219966883849107
6,2,11,3.26,1.0,41.83,36.79,0.0,0.0,0.92,9.42,12.67,5.589,46.6,33.1,43.97,29.11,39.6,1000.05,110.0,1.0,0.0,288.3,0.68,0.1064,35.36,46.6,31.04,43.97,0,0,0,0,0,0,0,0,0,1,0,0,1,0,0,0,0,0,0,0,0,0,0,0,0,1,0,0,0,0,0,0,0,0,0,1,0,0,1,0,0,0,0,0,0,0,0,12.003833741242124,3.682157589338075
6,2,11,3.26,1.0,41.83,36.79,0.0,0.0,0.92,9.42,12.67,5.589,46.6,33.1,43.97,29.11,39.6,1000.05,110.0,1.0,0.0,288.3,0.68,0.1064,35.36,46.6,31.04,43.97,0,0,0,0,0,0,0,0,0,1,0,0,1,0,0,0,0,0,0,0,0,0,0,0,0,1,0,0,0,0,0,0,0,0,0,1,0,0,0,0,0,0,0,0,0,0,1,12.067649267854193,3.7017329042497527
17,2,11,3.26,1.0,41.34,35.14,0.0,0.0,0.63,8.76,14.9,9.973,42.57,33.1,38.93,29.11,29.17,991.33,303.0,0.99,1.0,323.9,0.72,0.0,33.7,42.57,29.94,38.93,0,0,0,0,0,0,0,0,0,1,0,0,1,0,0,0,0,0,0,0,0,0,0,0,0,1,0,0,0,0,0,0,0,0,0,1,0,0,1,0,0,0,0,0,0,0,0,12.06679488981266,3.7014708250959085
17,2,11,3.26,1.0,41.34,35.14,0.0,0.0,0.63,8.76,14.9,9.973,42.57,33.1,38.93,29.11,29.17,991.33,303.0,0.99,1.0,323.9,0.72,0.0,33.7,42.57,29.94,38.93,0,0,0,0,0,0,0,0,0,1,0,0,1,0,0,0,0,0,0,0,0,0,0,0,0,1,0,0,0,0,0,0,0,0,0,1,0,0,0,0,0,0,0,0,0,0,1,12.130610416424728,3.721046140007586
6,2,11,2.53,1.0,41.83,36.79,0.0,0.0,0.92,9.42,12.67,5.589,46.6,33.1,43.97,29.11,39.6,1000.05,110.0,1.0,0.0,288.3,0.68,0.1064,35.36,46.6,31.04,43.97,0,0,0,0,0,0,0,0,0,1,0,0,0,1,0,0,0,0,0,0,0,0,0,0,0,1,0,0,0,0,0,0,0,0,0,1,0,0,1,0,0,0,0,0,0,0,0,10.515191052570321,4.156201997063368
6,2,11,2.53,1.0,41.83,36.79,0.0,0.0,0.92,9.42,12.67,5.589,46.6,33.1,43.97,29.11,39.6,1000.05,110.0,1.0,0.0,288.3,0.68,0.1064,35.36,46.6,31.04,43.97,0,0,0,0,0,0,0,0,0,1,0,0,0,1,0,0,0,0,0,0,0,0,0,0,0,1,0,0,0,0,0,0,0,0,0,1,0,0,0,0,0,0,0,0,0,0,1,10.579006579182389,4.1814255253685335
17,2,11,2.53,1.0,41.34,35.14,0.0,0.0,0.63,8.76,14.9,9.973,42.57,33.1,38.93,29.11,29.17,991.33,303.0,0.99,1.0,323.9,0.72,0.0,33.7,42.57,29.94,38.93,0,0,0,0,0,0,0,0,0,1,0,0,0,1,0,0,0,0,0,0,0,0,0,0,0,1,0,0,0,0,0,0,0,0,0,1,0,0,1,0,0,0,0,0,0,0,0,10.512696519695373,4.155216015689871
17,2,11,2.53,1.0,41.34,35.14,0.0,0.0,0.63,8.76,14.9,9.973,42.57,33.1,38.93,29.11,29.17,991.33,303.0,0.99,1.0,323.9,0.72,0.0,33.7,42.57,29.94,38.93,0,0,0,0,0,0,0,0,0,1,0,0,0,1,0,0,0,0,0,0,0,0,0,0,0,1,0,0,0,0,0,0,0,0,0,1,0,0,0,0,0,0,0,0,0,0,1,10.576512046307442,4.180439543995037
6,2,11,0.61,1.0,41.83,36.79,0.0,0.0,0.92,9.42,12.67,5.589,46.6,33.1,43.97,29.11,39.6,1000.05,110.0,1.0,0.0,288.3,0.68,0.1064,35.36,46.6,31.04,43.97,0,0,0,0,0,0,0,0,0,1,0,0,0,0,0,0,1,0,0,0,0,0,0,0,0,1,0,0,0,0,0,0,0,0,0,1,0,0,1,0,0,0,0,0,0,0,0,6.768187619645329,11.095389540402179
6,2,11,0.61,1.0,41.83,36.79,0.0,0.0,0.92,9.42,12.67,5.589,46.6,33.1,43.97,29.11,39.6,1000.05,110.0,1.0,0.0,288.3,0.68,0.1064,35.36,46.6,31.04,43.97,0,0,0,0,0,0,0,0,0,1,0,0,0,0,0,0,1,0,0,0,0,0,0,0,0,1,0,0,0,0,0,0,0,0,0,1,0,0,0,0,0,0,0,0,0,0,1,6.8320031462573985,11.200005157799014
17,2,11,0.61,1.0,41.34,35.14,0.0,0.0,0.63,8.76,14.9,9.973,42.57,33.1,38.93,29.11,29.17,991.33,303.0,0.99,1.0,323.9,0.72,0.0,33.7,42.57,29.94,38.93,0,0,0,0,0,0,0,0,0,1,0,0,0,0,0,0,1,0,0,0,0,0,0,0,0,1,0,0,0,0,0,0,0,0,0,1,0,0,1,0,0,0,0,0,0,0,0,6.789777768174005,11.130783226514763
17,2,11,0.61,1.0,41.34,35.14,0.0,0.0,0.63,8.76,14.9,9.973,42.57,33.1,38.93,29.11,29.17,991.33,303.0,0.99,1.0,323.9,0.72,0.0,33.7,42.57,29.94,38.93,0,0,0,0,0,0,0,0,0,1,0,0,0,0,0,0,1,0,0,0,0,0,0,0,0,1,0,0,0,0,0,0,0,0,0,1,0,0,0,0,0,0,0,0,0,0,1,6.853593294786074,11.235398843911597
6,2,11,1.93,1.0,41.83,36.79,0.0,0.0,0.92,9.42,12.67,5.589,46.6,33.1,43.97,29.11,39.6,1000.05,110.0,1.0,0.0,288.3,0.68,0.1064,35.36,46.6,31.04,43.97,0,0,0,0,0,0,0,0,0,1,0,0,0,0,0,0,0,0,0,1,0,0,0,0,0,1,0,0,0,0,0,0,0,0,0,1,0,0,1,0,0,0,0,0,0,0,0,9.207821964518397,4.770892209595025
6,2,11,1.93,1.0,41.83,36.79,0.0,0.0,0.92,9.42,12.67,5.589,46.6,33.1,43.97,29.11,39.6,1000.05,110.0,1.0,0.0,288.3,0.68,0.1064,35.36,46.6,31.04,43.97,0,0,0,0,0,0,0,0,0,1,0,0,0,0,0,0,0,0,0,1,0,0,0,0,0,1,0,0,0,0,0,0,0,0,0,1,0,0,0,0,0,0,0,0,0,0,1,9.271637491130464,4.803957249290396
17,2,11,1.93,1.0,41.34,35.14,0.0,0.0,0.63,8.76,14.9,9.973,42.57,33.1,38.93,29.11,29.17,991.33,303.0,0.99,1.0,323.9,0.72,0.0,33.7,42.57,29.94,38.93,0,0,0,0,0,0,0,0,0,1,0,0,0,0,0,0,0,0,0,1,0,0,0,0,0,1,0,0,0,0,0,0,0,0,0,1,0,0,1,0,0,0,0,0,0,0,0,9.259416999695057,4.797625388443035
17,2,11,1.93,1.0,41.34,35.14,0.0,0.0,0.63,8.76,14.9,9.973,42.57,33.1,38.93,29.11,29.17,991.33,303.0,0.99,1.0,323.9,0.72,0.0,33.7,42.57,29.94,38.93,0,0,0,0,0,0,0,0,0,1,0,0,0,0,0,0,0,0,0,1,0,0,0,0,0,1,0,0,0,0,0,0,0,0,0,1,0,0,0,0,0,0,0,0,0,0,1,9.323232526307125,4.830690428138407
6,2,11,1.28,1.0,41.83,36.79,0.0,0.0,0.92,9.42,12.67,5.589,46.6,33.1,43.97,29.11,39.6,1000.05,110.0,1.0,0.0,288.3,0.68,0.1064,35.36,46.6,31.04,43.97,0,0,0,0,0,0,0,0,0,1,0,0,0,0,0,0,0,0,0,0,0,0,1,0,0,1,0,0,0,0,0,0,0,0,0,1,0,0,1,0,0,0,0,0,0,0,0,8.052983172460236,6.291393103484559
6,2,11,1.28,1.0,41.83,36.79,0.0,0.0,0.92,9.42,12.67,5.589,46.6,33.1,43.97,29.11,39.6,1000.05,110.0,1.0,0.0,288.3,0.68,0.1064,35.36,46.6,31.04,43.97,0,0,0,0,0,0,0,0,0,1,0,0,0,0,0,0,0,0,0,0,0,0,1,0,0,1,0,0,0,0,0,0,0,0,0,1,0,0,0,0,0,0,0,0,0,0,1,8.116798699072305,6.341248983650238
17,2,11,1.28,1.0,41.34,35.14,0.0,0.0,0.63,8.76,14.9,9.973,42.57,33.1,38.93,29.11,29.17,991.33,303.0,0.99,1.0,323.9,0.72,0.0,33.7,42.57,29.94,38.93,0,0,0,0,0,0,0,0,0,1,0,0,0,0,0,0,0,0,0,0,0,0,1,0,0,1,0,0,0,0,0,0,0,0,0,1,0,0,1,0,0,0,0,0,0,0,0,8.143515224113498,6.362121268838671
17,2,11,1.28,1.0,41.34,35.14,0.0,0.0,0.63,8.76,14.9,9.973,42.57,33.1,38.93,29.11,29.17,991.33,303.0,0.99,1.0,323.9,0.72,0.0,33.7,42.57,29.94,38.93,0,0,0,0,0,0,0,0,0,1,0,0,0,0,0,0,0,0,0,0,0,0,1,0,0,1,0,0,0,0,0,0,0,0,0,1,0,0,0,0,0,0,0,0,0,0,1,8.207330750725566,6.411977149004349
6,2,11,1.8,1.0,41.83,36.79,0.0,0.0,0.92,9.42,12.67,5.589,46.6,33.1,43.97,29.11,39.6,1000.05,110.0,1.0,0.0,288.3,0.68,0.1064,35.36,46.6,31.04,43.97,0,0,0,0,0,0,0,0,0,1,0,0,0,0,0,0,0,0,0,0,0,0,0,1,0,1,0,0,0,0,0,0,0,0,0,1,0,0,1,0,0,0,0,0,0,0,0,9.011937696644535,5.006632053691408
6,2,11,1.8,1.0,41.83,36.79,0.0,0.0,0.92,9.42,12.67,5.589,46.6,33.1,43.97,29.11,39.6,1000.05,110.0,1.0,0.0,288.3,0.68,0.1064,35.36,46.6,31.04,43.97,0,0,0,0,0,0,0,0,0,1,0,0,0,0,0,0,0,0,0,0,0,0,0,1,0,1,0,0,0,0,0,0,0,0,0,1,0,0,0,0,0,0,0,0,0,0,1,9.075753223256603,5.042085124031446
17,2,11,1.8,1.0,41.34,35.14,0.0,0.0,0.63,8.76,14.9,9.973,42.57,33.1,38.93,29.11,29.17,991.33,303.0,0.99,1.0,323.9,0.72,0.0,33.7,42.57,29.94,38.93,0,0,0,0,0,0,0,0,0,1,0,0,0,0,0,0,0,0,0,0,0,0,0,1,0,1,0,0,0,0,0,0,0,0,0,1,0,0,1,0,0,0,0,0,0,0,0,9.037634946767058,5.020908303759477
17,2,11,1.8,1.0,41.34,35.14,0.0,0.0,0.63,8.76,14.9,9.973,42.57,33.1,38.93,29.11,29.17,991.33,303.0,0.99,1.0,323.9,0.72,0.0,33.7,42.57,29.94,38.93,0,0,0,0,0,0,0,0,0,1,0,0,0,0,0,0,0,0,0,0,0,0,0,1,0,1,0,0,0,0,0,0,0,0,0,1,0,0,0,0,0,0,0,0,0,0,1,9.10145047337913,5.056361374099517
6,2,11,2.67,1.0,41.83,36.79,0.0,0.0,0.92,9.42,12.67,5.589,46.6,33.1,43.97,29.11,39.6,1000.05,110.0,1.0,0.0,288.3,0.68,0.1064,35.36,46.6,31.04,43.97,0,0,0,0,0,0,0,0,0,0,1,0,0,0,1,0,0,0,0,0,0,0,0,0,0,1,0,0,0,0,0,0,0,0,0,1,0,0,1,0,0,0,0,0,0,0,0,10.97811266166814,4.1116526822727115
6,2,11,2.67,1.0,41.83,36.79,0.0,0.0,0.92,9.42,12.67,5.589,46.6,33.1,43.97,29.11,39.6,1000.05,110.0,1.0,0.0,288.3,0.68,0.1064,35.36,46.6,31.04,43.97,0,0,0,0,0,0,0,0,0,0,1,0,0,0,1,0,0,0,0,0,0,0,0,0,0,1,0,0,0,0,0,0,0,0,0,1,0,0,0,0,0,0,0,0,0,0,1,11.041928188280208,4.135553628569366
17,2,11,2.67,1.0,41.34,35.14,0.0,0.0,0.63,8.76,14.9,9.973,42.57,33.1,38.93,29.11,29.17,991.33,303.0,0.99,1.0,323.9,0.72,0.0,33.7,42.57,29.94,38.93,0,0,0,0,0,0,0,0,0,0,1,0,0,0,1,0,0,0,0,0,0,0,0,0,0,1,0,0,0,0,0,0,0,0,0,1,0,0,1,0,0,0,0,0,0,0,0,10.99739666546778,4.11887515560591
17,2,11,2.67,1.0,41.34,35.14,0.0,0.0,0.63,8.76,14.9,9.973,42.57,33.1,38.93,29.11,29.17,991.33,303.0,0.99,1.0,323.9,0.72,0.0,33.7,42.57,29.94,38.93,0,0,0,0,0,0,0,0,0,0,1,0,0,0,1,0,0,0,0,0,0,0,0,0,0,1,0,0,0,0,0,0,0,0,0,1,0,0,0,0,0,0,0,0,0,0,1,11.06121219207985,4.142776101902566
6,2,11,2.71,1.0,41.83,36.79,0.0,0.0,0.92,9.42,12.67,5.589,46.6,33.1,43.97,29.11,39.6,1000.05,110.0,1.0,0.0,288.3,0.68,0.1064,35.36,46.6,31.04,43.97,0,0,0,0,0,0,0,0,0,0,1,0,0,0,0,1,0,0,0,0,0,0,0,0,0,1,0,0,0,0,0,0,0,0,0,1,0,0,1,0,0,0,0,0,0,0,0,10.730054360984028,3.959429653499641
6,2,11,2.71,1.0,41.83,36.79,0.0,0.0,0.92,9.42,12.67,5.589,46.6,33.1,43.97,29.11,39.6,1000.05,110.0,1.0,0.0,288.3,0.68,0.1064,35.36,46.6,31.04,43.97,0,0,0,0,0,0,0,0,0,0,1,0,0,0,0,1,0,0,0,0,0,0,0,0,0,1,0,0,0,0,0,0,0,0,0,1,0,0,0,0,0,0,0,0,0,0,1,10.793869887596097,3.982977818301143
17,2,11,2.71,1.0,41.34,35.14,0.0,0.0,0.63,8.76,14.9,9.973,42.57,33.1,38.93,29.11,29.17,991.33,303.0,0.99,1.0,323.9,0.72,0.0,33.7,42.57,29.94,38.93,0,0,0,0,0,0,0,0,0,0,1,0,0,0,0,1,0,0,0,0,0,0,0,0,0,1,0,0,0,0,0,0,0,0,0,1,0,0,1,0,0,0,0,0,0,0,0,10.769932667816567,3.974144895873272
17,2,11,2.71,1.0,41.34,35.14,0.0,0.0,0.63,8.76,14.9,9.973,42.57,33.1,38.93,29.11,29.17,991.33,303.0,0.99,1.0,323.9,0.72,0.0,33.7,42.57,29.94,38.93,0,0,0,0,0,0,0,0,0,0,1,0,0,0,0,1,0,0,0,0,0,0,0,0,0,1,0,0,0,0,0,0,0,0,0,1,0,0,0,0,0,0,0,0,0,0,1,10.833748194428637,3.9976930606747736
6,2,11,1.61,1.0,41.83,36.79,0.0,0.0,0.92,9.42,12.67,5.589,46.6,33.1,43.97,29.11,39.6,1000.05,110.0,1.0,0.0,288.3,0.68,0.1064,35.36,46.6,31.04,43.97,0,0,0,0,0,0,0,0,0,0,1,0,0,0,0,0,0,1,0,0,0,0,0,0,0,1,0,0,0,0,0,0,0,0,0,1,0,0,1,0,0,0,0,0,0,0,0,8.718062972574076,5.414945945698183
6,2,11,1.61,1.0,41.83,36.79,0.0,0.0,0.92,9.42,12.67,5.589,46.6,33.1,43.97,29.11,39.6,1000.05,110.0,1.0,0.0,288.3,0.68,0.1064,35.36,46.6,31.04,43.97,0,0,0,0,0,0,0,0,0,0,1,0,0,0,0,0,0,1,0,0,0,0,0,0,0,1,0,0,0,0,0,0,0,0,0,1,0,0,0,0,0,0,0,0,0,0,1,8.781878499186144,5.454582918749157
17,2,11,1.61,1.0,41.34,35.14,0.0,0.0,0.63,8.76,14.9,9.973,42.57,33.1,38.93,29.11,29.17,991.33,303.0,0.99,1.0,323.9,0.72,0.0,33.7,42.57,29.94,38.93,0,0,0,0,0,0,0,0,0,0,1,0,0,0,0,0,0,1,0,0,0,0,0,0,0,1,0,0,0,0,0,0,0,0,0,1,0,0,1,0,0,0,0,0,0,0,0,8.751168126033354,5.435508152815748
17,2,11,1.61,1.0,41.34,35.14,0.0,0.0,0.63,8.76,14.9,9.973,42.57,33.1,38.93,29.11,29.17,991.33,303.0,0.99,1.0,323.9,0.72,0.0,33.7,42.57,29.94,38.93,0,0,0,0,0,0,0,0,0,0,1,0,0,0,0,0,0,1,0,0,0,0,0,0,0,1,0,0,0,0,0,0,0,0,0,1,0,0,0,0,0,0,0,0,0,0,1,8.814983652645422,5.475145125866721
6,2,11,1.57,1.0,41.83,36.79,0.0,0.0,0.92,9.42,12.67,5.589,46.6,33.1,43.97,29.11,39.6,1000.05,110.0,1.0,0.0,288.3,0.68,0.1064,35.36,46.6,31.04,43.97,0,0,0,0,0,0,0,0,0,0,1,0,0,0,0,0,0,0,1,0,0,0,0,0,0,1,0,0,0,0,0,0,0,0,0,1,0,0,1,0,0,0,0,0,0,0,0,8.425108636297823,5.366311233310715
6,2,11,1.57,1.0,41.83,36.79,0.0,0.0,0.92,9.42,12.67,5.589,46.6,33.1,43.97,29.11,39.6,1000.05,110.0,1.0,0.0,288.3,0.68,0.1064,35.36,46.6,31.04,43.97,0,0,0,0,0,0,0,0,0,0,1,0,0,0,0,0,0,0,1,0,0,0,0,0,0,1,0,0,0,0,0,0,0,0,0,1,0,0,0,0,0,0,0,0,0,0,1,8.48892416290989,5.406958065547701
17,2,11,1.57,1.0,41.34,35.14,0.0,0.0,0.63,8.76,14.9,9.973,42.57,33.1,38.93,29.11,29.17,991.33,303.0,0.99,1.0,323.9,0.72,0.0,33.7,42.57,29.94,38.93,0,0,0,0,0,0,0,0,0,0,1,0,0,0,0,0,0,0,1,0,0,0,0,0,0,1,0,0,0,0,0,0,0,0,0,1,0,0,1,0,0,0,0,0,0,0,0,8.464420657703924,5.391350737391034
17,2,11,1.57,1.0,41.34,35.14,0.0,0.0,0.63,8.76,14.9,9.973,42.57,33.1,38.93,29.11,29.17,991.33,303.0,0.99,1.0,323.9,0.72,0.0,33.7,42.57,29.94,38.93,0,0,0,0,0,0,0,0,0,0,1,0,0,0,0,0,0,0,1,0,0,0,0,0,0,1,0,0,0,0,0,0,0,0,0,1,0,0,0,0,0,0,0,0,0,0,1,8.528236184315993,5.431997569628021
6,2,11,1.81,1.0,41.83,36.79,0.0,0.0,0.92,9.42,12.67,5.589,46.6,33.1,43.97,29.11,39.6,1000.05,110.0,1.0,0.0,288.3,0.68,0.1064,35.36,46.6,31.04,43.97,0,0,0,0,0,0,0,0,0,0,1,0,0,0,0,0,0,0,0,0,1,0,0,0,0,1,0,0,0,0,0,0,0,0,0,1,0,0,1,0,0,0,0,0,0,0,0,9.179689044413102,5.071651405753095
6,2,11,1.81,1.0,41.83,36.79,0.0,0.0,0.92,9.42,12.67,5.589,46.6,33.1,43.97,29.11,39.6,1000.05,110.0,1.0,0.0,288.3,0.68,0.1064,35.36,46.6,31.04,43.97,0,0,0,0,0,0,0,0,0,0,1,0,0,0,0,0,0,0,0,0,1,0,0,0,0,1,0,0,0,0,0,0,0,0,0,1,0,0,0,0,0,0,0,0,0,0,1,9.243504571025172,5.106908602776338
17,2,11,1.81,1.0,41.34,35.14,0.0,0.0,0.63,8.76,14.9,9.973,42.57,33.1,38.93,29.11,29.17,991.33,303.0,0.99,1.0,323.9,0.72,0.0,33.7,42.57,29.94,38.93,0,0,0,0,0,0,0,0,0,0,1,0,0,0,0,0,0,0,0,0,1,0,0,0,0,1,0,0,0,0,0,0,0,0,0,1,0,0,1,0,0,0,0,0,0,0,0,9.2017029692638,5.083813795173371
17,2,11,1.81,1.0,41.34,35.14,0.0,0.0,0.63,8.76,14.9,9.973,42.57,33.1,38.93,29.11,29.17,991.33,303.0,0.99,1.0,323.9,0.72,0.0,33.7,42.57,29.94,38.93,0,0,0,0,0,0,0,0,0,0,1,0,0,0,0,0,0,0,0,0,1,0,0,0,0,1,0,0,0,0,0,0,0,0,0,1,0,0,0,0,0,0,0,0,0,0,1,9.265518495875869,5.119070992196613
6,2,11,0.58,1.0,41.83,36.79,0.0,0.0,0.92,9.42,12.67,5.589,46.6,33.1,43.97,29.11,39.6,1000.05,110.0,1.0,0.0,288.3,0.68,0.1064,35.36,46.6,31.04,43.97,0,0,0,0,0,0,0,0,0,0,1,0,0,0,0,0,0,0,0,0,0,1,0,0,0,1,0,0,0,0,0,0,0,0,0,1,0,0,1,0,0,0,0,0,0,0,0,6.6577411628628385,11.478864073901446
6,2,11,0.58,1.0,41.83,36.79,0.0,0.0,0.92,9.42,12.67,5.589,46.6,33.1,43.97,29.11,39.6,1000.05,110.0,1.0,0.0,288.3,0.68,0.1064,35.36,46.6,31.04,43.97,0,0,0,0,0,0,0,0,0,0,1,0,0,0,0,0,0,0,0,0,0,1,0,0,0,1,0,0,0,0,0,0,0,0,0,1,0,0,0,0,0,0,0,0,0,0,1,6.721556689474908,11.588890843922256
17,2,11,0.58,1.0,41.34,35.14,0.0,0.0,0.63,8.76,14.9,9.973,42.57,33.1,38.93,29.11,29.17,991.33,303.0,0.99,1.0,323.9,0.72,0.0,33.7,42.57,29.94,38.93,0,0,0,0,0,0,0,0,0,0,1,0,0,0,0,0,0,0,0,0,0,1,0,0,0,1,0,0,0,0,0,0,0,0,0,1,0,0,1,0,0,0,0,0,0,0,0,6.690347307891045,11.535081565329389
17,2,11,0.58,1.0,41.34,35.14,0.0,0.0,0.63,8.76,14.9,9.973,42.57,33.1,38.93,29.11,29.17,991.33,303.0,0.99,1.0,323.9,0.72,0.0,33.7,42.57,29.94,38.93,0,0,0,0,0,0,0,0,0,0,1,0,0,0,0,0,0,0,0,0,0,1,0,0,0,1,0,0,0,0,0,0,0,0,0,1,0,0,0,0,0,0,0,0,0,0,1,6.754162834503114,11.645108335350196
6,2,11,2.8,1.0,41.83,36.79,0.0,0.0,0.92,9.42,12.67,5.589,46.6,33.1,43.97,29.11,39.6,1000.05,110.0,1.0,0.0,288.3,0.68,0.1064,35.36,46.6,31.04,43.97,0,0,0,0,0,0,0,0,0,0,0,1,0,0,1,0,0,0,0,0,0,0,0,0,0,1,0,0,0,0,0,0,0,0,0,1,0,0,1,0,0,0,0,0,0,0,0,10.977205158844237,3.920430413872942
6,2,11,2.8,1.0,41.83,36.79,0.0,0.0,0.92,9.42,12.67,5.589,46.6,33.1,43.97,29.11,39.6,1000.05,110.0,1.0,0.0,288.3,0.68,0.1064,35.36,46.6,31.04,43.97,0,0,0,0,0,0,0,0,0,0,0,1,0,0,1,0,0,0,0,0,0,0,0,0,0,1,0,0,0,0,0,0,0,0,0,1,0,0,0,0,0,0,0,0,0,0,1,11.041020685456308,3.9432216733772534
17,2,11,2.8,1.0,41.34,35.14,0.0,0.0,0.63,8.76,14.9,9.973,42.57,33.1,38.93,29.11,29.17,991.33,303.0,0.99,1.0,323.9,0.72,0.0,33.7,42.57,29.94,38.93,0,0,0,0,0,0,0,0,0,0,0,1,0,0,1,0,0,0,0,0,0,0,0,0,0,1,0,0,0,0,0,0,0,0,0,1,0,0,1,0,0,0,0,0,0,0,0,10.991959680507355,3.9256998858954844
17,2,11,2.8,1.0,41.34,35.14,0.0,0.0,0.63,8.76,14.9,9.973,42.57,33.1,38.93,29.11,29.17,991.33,303.0,0.99,1.0,323.9,0.72,0.0,33.7,42.57,29.94,38.93,0,0,0,0,0,0,0,0,0,0,0,1,0,0,1,0,0,0,0,0,0,0,0,0,0,1,0,0,0,0,0,0,0,0,0,1,0,0,0,0,0,0,0,0,0,0,1,11.055775207119424,3.9484911453997946
6,2,11,2.84,1.0,41.83,36.79,0.0,0.0,0.92,9.42,12.67,5.589,46.6,33.1,43.97,29.11,39.6,1000.05,110.0,1.0,0.0,288.3,0.68,0.1064,35.36,46.6,31.04,43.97,0,0,0,0,0,0,0,0,0,0,0,1,0,0,0,1,0,0,0,0,0,0,0,0,0,1,0,0,0,0,0,0,0,0,0,1,0,0,1,0,0,0,0,0,0,0,0,10.754073266879443,3.786645516506846
6,2,11,2.84,1.0,41.83,36.79,0.0,0.0,0.92,9.42,12.67,5.589,46.6,33.1,43.97,29.11,39.6,1000.05,110.0,1.0,0.0,288.3,0.68,0.1064,35.36,46.6,31.04,43.97,0,0,0,0,0,0,0,0,0,0,0,1,0,0,0,1,0,0,0,0,0,0,0,0,0,1,0,0,0,0,0,0,0,0,0,1,0,0,0,0,0,0,0,0,0,0,1,10.817888793491512,3.8091157723561664
17,2,11,2.84,1.0,41.34,35.14,0.0,0.0,0.63,8.76,14.9,9.973,42.57,33.1,38.93,29.11,29.17,991.33,303.0,0.99,1.0,323.9,0.72,0.0,33.7,42.57,29.94,38.93,0,0,0,0,0,0,0,0,0,0,0,1,0,0,0,1,0,0,0,0,0,0,0,0,0,1,0,0,0,0,0,0,0,0,0,1,0,0,1,0,0,0,0,0,0,0,0,10.780713472857622,3.796025870724515
17,2,11,2.84,1.0,41.34,35.14,0.0,0.0,0.63,8.76,14.9,9.973,42.57,33.1,38.93,29.11,29.17,991.33,303.0,0.99,1.0,323.9,0.72,0.0,33.7,42.57,29.94,38.93,0,0,0,0,0,0,0,0,0,0,0,1,0,0,0,1,0,0,0,0,0,0,0,0,0,1,0,0,0,0,0,0,0,0,0,1,0,0,0,0,0,0,0,0,0,0,1,10.844528999469693,3.818496126573836
6,2,11,0.72,1.0,41.83,36.79,0.0,0.0,0.92,9.42,12.67,5.589,46.6,33.1,43.97,29.11,39.6,1000.05,110.0,1.0,0.0,288.3,0.68,0.1064,35.36,46.6,31.04,43.97,0,0,0,0,0,0,0,0,0,0,0,1,0,0,0,0,0,1,0,0,0,0,0,0,0,1,0,0,0,0,0,0,0,0,0,1,0,0,1,0,0,0,0,0,0,0,0,6.914472180107437,9.603433583482552
6,2,11,0.72,1.0,41.83,36.79,0.0,0.0,0.92,9.42,12.67,5.589,46.6,33.1,43.97,29.11,39.6,1000.05,110.0,1.0,0.0,288.3,0.68,0.1064,35.36,46.6,31.04,43.97,0,0,0,0,0,0,0,0,0,0,0,1,0,0,0,0,0,1,0,0,0,0,0,0,0,1,0,0,0,0,0,0,0,0,0,1,0,0,0,0,0,0,0,0,0,0,1,6.978287706719506,9.692066259332648
17,2,11,0.72,1.0,41.34,35.14,0.0,0.0,0.63,8.76,14.9,9.973,42.57,33.1,38.93,29.11,29.17,991.33,303.0,0.99,1.0,323.9,0.72,0.0,33.7,42.57,29.94,38.93,0,0,0,0,0,0,0,0,0,0,0,1,0,0,0,0,0,1,0,0,0,0,0,0,0,1,0,0,0,0,0,0,0,0,0,1,0,0,1,0,0,0,0,0,0,0,0,6.946803818469893,9.648338636763741
17,2,11,0.72,1.0,41.34,35.14,0.0,0.0,0.63,8.76,14.9,9.973,42.57,33.1,38.93,29.11,29.17,991.33,303.0,0.99,1.0,323.9,0.72,0.0,33.7,42.57,29.94,38.93,0,0,0,0,0,0,0,0,0,0,0,1,0,0,0,0,0,1,0,0,0,0,0,0,0,1,0,0,0,0,0,0,0,0,0,1,0,0,0,0,0,0,0,0,0,0,1,7.010619345081962,9.736971312613838
6,2,11,1.06,1.0,41.83,36.79,0.0,0.0,0.92,9.42,12.67,5.589,46.6,33.1,43.97,29.11,39.6,1000.05,110.0,1.0,0.0,288.3,0.68,0.1064,35.36,46.6,31.04,43.97,0,0,0,0,0,0,0,0,0,0,0,1,0,0,0,0,0,0,1,0,0,0,0,0,0,1,0,0,0,0,0,0,0,0,0,1,0,0,1,0,0,0,0,0,0,0,0,7.403013187153353,6.983974704861653
6,2,11,1.06,1.0,41.83,36.79,0.0,0.0,0.92,9.42,12.67,5.589,46.6,33.1,43.97,29.11,39.6,1000.05,110.0,1.0,0.0,288.3,0.68,0.1064,35.36,46.6,31.04,43.97,0,0,0,0,0,0,0,0,0,0,0,1,0,0,0,0,0,0,1,0,0,0,0,0,0,1,0,0,0,0,0,0,0,0,0,1,0,0,0,0,0,0,0,0,0,0,1,7.466828713765422,7.044178031854171
17,2,11,1.06,1.0,41.34,35.14,0.0,0.0,0.63,8.76,14.9,9.973,42.57,33.1,38.93,29.11,29.17,991.33,303.0,0.99,1.0,323.9,0.72,0.0,33.7,42.57,29.94,38.93,0,0,0,0,0,0,0,0,0,0,0,1,0,0,0,0,0,0,1,0,0,0,0,0,0,1,0,0,0,0,0,0,0,0,0,1,0,0,1,0,0,0,0,0,0,0,0,7.629203601546128,7.197361888251064
17,2,11,1.06,1.0,41.34,35.14,0.0,0.0,0.63,8.76,14.9,9.973,42.57,33.1,38.93,29.11,29.17,991.33,303.0,0.99,1.0,323.9,0.72,0.0,33.7,42.57,29.94,38.93,0,0,0,0,0,0,0,0,0,0,0,1,0,0,0,0,0,0,1,0,0,0,0,0,0,1,0,0,0,0,0,0,0,0,0,1,0,0,0,0,0,0,0,0,0,0,1,7.693019128158197,7.257565215243583
6,2,11,3.08,1.0,41.83,36.79,0.0,0.0,0.92,9.42,12.67,5.589,46.6,33.1,43.97,29.11,39.6,1000.05,110.0,1.0,0.0,288.3,0.68,0.1064,35.36,46.6,31.04,43.97,0,0,0,0,0,0,0,0,0,0,0,1,0,0,0,0,0,0,0,0,1,0,0,0,0,1,0,0,0,0,0,0,0,0,0,1,0,0,1,0,0,0,0,0,0,0,0,11.689873584580262,3.795413501487098
6,2,11,3.08,1.0,41.83,36.79,0.0,0.0,0.92,9.42,12.67,5.589,46.6,33.1,43.97,29.11,39.6,1000.05,110.0,1.0,0.0,288.3,0.68,0.1064,35.36,46.6,31.04,43.97,0,0,0,0,0,0,0,0,0,0,0,1,0,0,0,0,0,0,0,0,1,0,0,0,0,1,0,0,0,0,0,0,0,0,0,1,0,0,0,0,0,0,0,0,0,0,1,11.75368911119233,3.8161328283091978
17,2,11,3.08,1.0,41.34,35.14,0.0,0.0,0.63,8.76,14.9,9.973,42.57,33.1,38.93,29.11,29.17,991.33,303.0,0.99,1.0,323.9,0.72,0.0,33.7,42.57,29.94,38.93,0,0,0,0,0,0,0,0,0,0,0,1,0,0,0,0,0,0,0,0,1,0,0,0,0,1,0,0,0,0,0,0,0,0,0,1,0,0,1,0,0,0,0,0,0,0,0,11.707934227475548,3.80127734658297
17,2,11,3.08,1.0,41.34,35.14,0.0,0.0,0.63,8.76,14.9,9.973,42.57,33.1,38.93,29.11,29.17,991.33,303.0,0.99,1.0,323.9,0.72,0.0,33.7,42.57,29.94,38.93,0,0,0,0,0,0,0,0,0,0,0,1,0,0,0,0,0,0,0,0,1,0,0,0,0,1,0,0,0,0,0,0,0,0,0,1,0,0,0,0,0,0,0,0,0,0,1,11.771749754087617,3.8219966734050703
6,2,11,2.11,1.0,41.83,36.79,0.0,0.0,0.92,9.42,12.67,5.589,46.6,33.1,43.97,29.11,39.6,1000.05,110.0,1.0,0.0,288.3,0.68,0.1064,35.36,46.6,31.04,43.97,0,0,0,0,0,0,0,0,0,0,0,1,0,0,0,0,0,0,0,0,0,1,0,0,0,1,0,0,0,0,0,0,0,0,0,1,0,0,1,0,0,0,0,0,0,0,0,9.213111746663463,4.366403671404485
6,2,11,2.11,1.0,41.83,36.79,0.0,0.0,0.92,9.42,12.67,5.589,46.6,33.1,43.97,29.11,39.6,1000.05,110.0,1.0,0.0,288.3,0.68,0.1064,35.36,46.6,31.04,43.97,0,0,0,0,0,0,0,0,0,0,0,1,0,0,0,0,0,0,0,0,0,1,0,0,0,1,0,0,0,0,0,0,0,0,0,1,0,0,0,0,0,0,0,0,0,0,1,9.190154020708373,4.35552323256321
17,2,11,2.11,1.0,41.34,35.14,0.0,0.0,0.63,8.76,14.9,9.973,42.57,33.1,38.93,29.11,29.17,991.33,303.0,0.99,1.0,323.9,0.72,0.0,33.7,42.57,29.94,38.93,0,0,0,0,0,0,0,0,0,0,0,1,0,0,0,0,0,0,0,0,0,1,0,0,0,1,0,0,0,0,0,0,0,0,0,1,0,0,1,0,0,0,0,0,0,0,0,9.226147043377084,4.372581537145538
17,2,11,2.11,1.0,41.34,35.14,0.0,0.0,0.63,8.76,14.9,9.973,42.57,33.1,38.93,29.11,29.17,991.33,303.0,0.99,1.0,323.9,0.72,0.0,33.7,42.57,29.94,38.93,0,0,0,0,0,0,0,0,0,0,0,1,0,0,0,0,0,0,0,0,0,1,0,0,0,1,0,0,0,0,0,0,0,0,0,1,0,0,0,0,0,0,0,0,0,0,1,9.203189317421993,4.361701098304263
